--------[ AIDA64 Extreme ]----------------------------------------------------------------------------------------------

    Версия                                            AIDA64 v7.65.7400/ru
    Тестовый модуль                                   4.7.916.8-x64
    Домашняя страница                                 http://www.aida64.com/
    Тип отчёта                                        Мастер отчётов
    Компьютер                                         WIN-82SQIUEQQTN
    Генератор                                         user
    Операционная система                              Microsoft Windows 10 Pro 10.0.19045.6456 (Win10 22H2 2022 Update)
    Дата                                              2026-02-03
    Время                                             20:05


--------[ Суммарная информация ]----------------------------------------------------------------------------------------

    Компьютер:
      Тип компьютера                                    Компьютер с ACPI на базе x64
      Операционная система                              Microsoft Windows 10 Pro
      Пакет обновления ОС                               -
      Internet Explorer                                 11.3636.19041.0
      Edge                                              144.0.3719.104
      DirectX                                           DirectX 12.0
      Имя компьютера                                    WIN-82SQIUEQQTN
      Имя пользователя                                  user
      Вход в домен                                      WIN-82SQIUEQQTN
      Дата / Время                                      2026-02-03 / 20:05

    Системная плата:
      Тип ЦП                                            QuadCore Intel Core i7-3820, 3648 MHz (37 x 99)
      Системная плата                                   Gigabyte GA-X79-UD3  (1 PCI, 2 PCI-E x1, 4 PCI-E x16, 4 DDR3 DIMM, Audio, Gigabit LAN)
      Чипсет системной платы                            Intel Patsburg X79, Intel Sandy Bridge-E
      Системная память                                  24490 МБ  (DDR3 SDRAM)
      DIMM-A1: Kingston 9905403-547.A00LF               8 ГБ DDR3-1333 DDR3 SDRAM  (9-9-9-24 @ 666 МГц)  (8-8-8-22 @ 609 МГц)  (7-7-7-20 @ 533 МГц)  (6-6-6-17 @ 457 МГц)
      DIMM-B1: Kingston 9905403-547.A00LF               8 ГБ DDR3-1333 DDR3 SDRAM  (9-9-9-24 @ 666 МГц)  (8-8-8-22 @ 609 МГц)  (7-7-7-20 @ 533 МГц)  (6-6-6-17 @ 457 МГц)
      DIMM-C1: Kingston 9905403-547.A00LF               8 ГБ DDR3-1333 DDR3 SDRAM  (9-9-9-24 @ 666 МГц)  (8-8-8-22 @ 609 МГц)  (7-7-7-20 @ 533 МГц)  (6-6-6-17 @ 457 МГц)
      Тип BIOS                                          AMI (03/19/2014)
      Коммуникационный порт                             Последовательный порт (COM1)

    Отображение:
      Видеоадаптер                                      NVIDIA GeForce GTX 670  (2 ГБ)
      3D-акселератор                                    nVIDIA GeForce GTX 670
      Монитор                                           MSI Optix MAG301RF  [29.5" IPS LCD]  (CC5A132C02000)  {2022}
      Монитор                                           Универсальный монитор PnP [NoDB]  {2013}

    Мультимедиа:
      Звуковой адаптер                                  Creative SB X-Fi Xtreme HD Audio Controller
      Звуковой адаптер                                  nVIDIA GK104 HDMI/DP @ nVIDIA GK104 - High Definition Audio Controller
      Звуковой адаптер                                  Realtek ALC898 @ Intel Patsburg PCH - High Definition Audio Controller [C1]

    Хранение данных:
      Контроллер хранения данных                        Intel(R) C600 series chipset SATA AHCI Controller
      Контроллер хранения данных                        Marvell 91xx SATA 6G Controller
      Контроллер хранения данных                        Marvell 91xx SATA 6G Controller
      Контроллер хранения данных                        Marvell 91xx SATA 6G Controller
      Контроллер хранения данных                        Контроллер дискового пространства (Майкрософт)
      Дисковый накопитель                               ADATA SU650  (SATA-III)
      Дисковый накопитель                               ST1000NM0033-9ZM173  (1 ТБ, 7200 RPM, SATA-III)
      Дисковый накопитель                               TOSHIBA HDWL120  (1863 ГБ)
      SMART-статус жёстких дисков                       OK

    Разделы:
      C: (NTFS)                                         447.0 ГБ (224.5 ГБ свободно)
      D: (NTFS)                                         931.5 ГБ (558.0 ГБ свободно)
      F: (NTFS)                                         1863.0 ГБ (959.5 ГБ свободно)
      Общий размер                                      3241.5 ГБ (1742.0 ГБ свободно)

    Ввод:
      Клавиатура                                        Клавиатура HID
      Мышь                                              HID-compliant Optical Wheel Mouse

    Сеть:
      Первичный адрес IP                                172.23.64.1
      Первичный адрес MAC                               00-15-5D-BC-B0-20
      Сетевой адаптер                                   D-Link DFE-520TX PCI Fast Ethernet Adapter
      Сетевой адаптер                                   Hyper-V Virtual Ethernet Adapter  (172.23.64.1)
      Сетевой адаптер                                   Intel(R) 82579V Gigabit Network Connection  (192.168.0.104)
      Сетевой адаптер                                   VPN Client Adapter - VPN

    Периферийные устройства:
      Принтер                                           Fax
      Принтер                                           Kyocera ECOSYS M2040dn KX
      Принтер                                           Kyocera ECOSYS M2040dn
      Принтер                                           Microsoft Print to PDF
      Принтер                                           Microsoft XPS Document Writer
      Контроллер USB2                                   Intel Patsburg PCH - USB EHCI #1 Controller [C1]
      Контроллер USB2                                   Intel Patsburg PCH - USB EHCI #2 Controller [C1]
      Контроллер USB3                                   Fresco Logic FL1009 USB 3.0 xHCI Controller
      Контроллер USB3                                   Fresco Logic FL1009 USB 3.0 xHCI Controller
      USB-устройство                                    Canyon CNS-CWC5 Microphone
      USB-устройство                                    Canyon CNS-CWC5 Webcam
      USB-устройство                                    Generic USB Hub
      USB-устройство                                    Generic USB Hub
      USB-устройство                                    Generic USB Hub
      USB-устройство                                    Kyocera ECOSYS M2040dn
      USB-устройство                                    Kyocera ECOSYS M2040dn
      USB-устройство                                    USB-устройство ввода
      USB-устройство                                    USB-устройство ввода
      USB-устройство                                    USB-устройство ввода
      USB-устройство                                    Поддержка USB принтера
      USB-устройство                                    Составное USB устройство
      USB-устройство                                    Составное USB устройство
      USB-устройство                                    Составное USB устройство
      USB-устройство                                    Устройство чтения смарт-карт Microsoft Usbccid (WUDF)
      USB-устройство                                    Устройство чтения смарт-карт Microsoft Usbccid (WUDF)
      USB-устройство                                    Устройство чтения смарт-карт Microsoft Usbccid (WUDF)

    DMI:
      DMI поставщик BIOS                                American Megatrends Inc.
      DMI версия BIOS                                   F20
      DMI производитель системы                         Gigabyte Technology Co., Ltd.
      DMI система                                       To be filled by O.E.M.
      DMI системная версия                              To be filled by O.E.M.
      DMI системный серийный номер                      To be filled by O.E.M.
      DMI системный UUID                                90022B03-34043E05-4B06CC07-00080009
      DMI производитель системной платы                 Gigabyte Technology Co., Ltd.
      DMI системная плата                               X79-UD3
      DMI версия системной платы                        To be filled by O.E.M.
      DMI серийный номер системной платы                To be filled by O.E.M.
      DMI производитель шасси                           Gigabyte Technology Co., Ltd.
      DMI версия шасси                                  To Be Filled By O.E.M.
      DMI серийный номер шасси                          To Be Filled By O.E.M.
      DMI Asset-тег шасси                               To Be Filled By O.E.M.
      DMI тип шасси                                     Desktop Case


--------[ Debug - PCI ]-------------------------------------------------------------------------------------------------

    B00 D00 F00:  Intel Sandy Bridge-E/EN/EP IIO - DMI2 Root Port
                  
      Offset 000:  86 80 00 3C  00 00 10 08  07 00 00 06  10 00 00 00 
      Offset 010:  00 00 00 00  00 00 00 00  00 00 00 00  00 00 00 00 
      Offset 020:  00 00 00 00  00 00 00 00  00 00 00 00  58 14 00 50 
      Offset 030:  00 00 00 00  90 00 00 00  00 00 00 00  00 01 00 00 
      Offset 040:  00 00 00 00  00 00 00 00  00 00 00 00  00 00 00 00 
      Offset 050:  00 F0 FF FB  00 00 00 00  00 00 00 00  00 00 00 00 
      Offset 060:  05 90 02 01  00 00 00 00  00 00 00 00  00 00 00 00 
      Offset 070:  00 00 00 00  00 00 00 00  00 00 00 00  00 00 00 00 
      Offset 080:  00 00 00 00  00 00 00 00  00 00 00 00  00 00 00 00 
      Offset 090:  10 E0 42 00  00 80 00 00  00 00 00 00  41 3C 7A 00 
      Offset 0A0:  00 00 00 00  00 00 00 00  00 00 00 00  00 00 00 00 
      Offset 0B0:  00 00 00 00  1E 10 00 00  00 00 00 00  06 00 00 00 
      Offset 0C0:  00 00 00 00  00 00 00 00  00 00 00 00  00 00 00 00 
      Offset 0D0:  00 00 00 00  00 00 00 00  00 00 00 00  00 00 00 00 
      Offset 0E0:  01 00 03 C8  00 00 00 00  00 00 00 00  00 00 00 00 
      Offset 0F0:  00 00 00 00  00 00 00 00  10 00 00 00  00 00 00 00 

    B00 D01 F00:  Intel Sandy Bridge-E/EN/EP IIO - PCI Express Root Port 1a (x8/x4)
                  
      Offset 000:  86 80 02 3C  07 04 10 00  07 00 04 06  10 00 81 00 
      Offset 010:  00 00 00 00  00 00 00 00  00 01 01 00  E0 E0 00 20 
      Offset 020:  00 FA 00 FB  01 F0 F1 F9  00 00 00 00  00 00 00 00 
      Offset 030:  00 00 00 00  40 00 00 00  00 00 00 00  0B 01 18 00 
      Offset 040:  0D 60 00 00  58 14 00 50  00 00 00 00  00 00 00 00 
      Offset 050:  00 00 00 00  00 00 00 00  00 00 00 00  00 00 00 00 
      Offset 060:  05 90 02 01  00 00 00 00  00 00 00 00  00 00 00 00 
      Offset 070:  00 00 00 00  00 00 00 00  00 00 00 00  00 00 00 00 
      Offset 080:  00 00 00 00  00 00 00 00  00 00 00 00  00 00 00 00 
      Offset 090:  10 E0 42 01  01 80 00 00  20 00 00 00  83 78 7A 00 
      Offset 0A0:  40 00 81 70  80 0C F8 07  C0 07 40 00  00 00 01 00 
      Offset 0B0:  00 00 00 00  3E 10 00 00  00 00 00 00  0E 00 00 00 
      Offset 0C0:  03 00 1E 00  00 00 00 00  00 00 00 00  00 00 00 00 
      Offset 0D0:  00 00 00 00  00 00 00 00  00 00 00 00  00 00 00 00 
      Offset 0E0:  01 00 03 C8  00 00 00 00  00 00 00 00  00 00 00 00 
      Offset 0F0:  00 00 00 00  00 00 00 00  00 00 00 00  00 00 00 00 

    B00 D02 F00:  Intel Sandy Bridge-E/EN/EP IIO - PCI Express Root Port 2a (x16/x8/x4)
                  
      Offset 000:  86 80 04 3C  04 04 10 00  07 00 04 06  10 00 81 00 
      Offset 010:  00 00 00 00  00 00 00 00  00 02 02 00  F0 00 00 00 
      Offset 020:  F0 FF 00 00  F1 FF 01 00  00 00 00 00  00 00 00 00 
      Offset 030:  00 00 00 00  40 00 00 00  00 00 00 00  0B 01 00 00 
      Offset 040:  0D 60 00 00  58 14 00 50  00 00 00 00  00 00 00 00 
      Offset 050:  00 00 00 00  00 00 00 00  00 00 00 00  00 00 00 00 
      Offset 060:  05 90 02 01  00 00 00 00  00 00 00 00  00 00 00 00 
      Offset 070:  00 00 00 00  00 00 00 00  00 00 00 00  00 00 00 00 
      Offset 080:  00 00 00 00  00 00 00 00  00 00 00 00  00 00 00 00 
      Offset 090:  10 E0 42 01  01 80 00 00  00 00 00 00  03 79 7A 00 
      Offset 0A0:  00 00 01 10  80 25 18 00  C0 07 00 00  00 00 01 00 
      Offset 0B0:  00 00 00 00  3E 10 00 00  00 00 00 00  0E 00 00 00 
      Offset 0C0:  03 00 00 00  00 00 00 00  00 00 00 00  00 00 00 00 
      Offset 0D0:  00 00 00 00  00 00 00 00  00 00 00 00  00 00 00 00 
      Offset 0E0:  01 00 03 C8  00 00 00 00  00 00 00 00  00 00 00 00 
      Offset 0F0:  00 00 00 00  00 00 00 00  00 00 00 00  00 00 00 00 

    B00 D03 F00:  Intel Sandy Bridge-E/EN/EP IIO - PCI Express Root Port 3a (x16/x8/x4)
                  
      Offset 000:  86 80 08 3C  04 04 10 00  07 00 04 06  10 00 81 00 
      Offset 010:  00 00 00 00  00 00 00 00  00 03 03 00  F0 00 00 00 
      Offset 020:  F0 FF 00 00  F1 FF 01 00  00 00 00 00  00 00 00 00 
      Offset 030:  00 00 00 00  40 00 00 00  00 00 00 00  0B 01 00 00 
      Offset 040:  0D 60 00 00  58 14 00 50  00 00 00 00  00 00 00 00 
      Offset 050:  00 00 00 00  00 00 00 00  00 00 00 00  00 00 00 00 
      Offset 060:  05 90 02 01  00 00 00 00  00 00 00 00  00 00 00 00 
      Offset 070:  00 00 00 00  00 00 00 00  00 00 00 00  00 00 00 00 
      Offset 080:  00 00 00 00  00 00 00 00  00 00 00 00  00 00 00 00 
      Offset 090:  10 E0 42 01  21 80 00 00  00 00 00 00  03 79 7A 00 
      Offset 0A0:  00 00 01 10  80 25 00 00  C0 07 00 00  00 00 01 00 
      Offset 0B0:  00 00 00 00  3E 10 00 00  00 00 00 00  0E 00 00 00 
      Offset 0C0:  03 00 00 00  00 00 00 00  00 00 00 00  00 00 00 00 
      Offset 0D0:  00 00 00 00  10 00 00 00  00 00 00 00  00 00 00 00 
      Offset 0E0:  01 00 03 C8  00 00 00 00  00 00 00 00  00 00 00 00 
      Offset 0F0:  00 00 00 00  00 00 00 00  00 00 00 00  00 00 00 00 

    B00 D05 F00:  Intel Sandy Bridge-E/EN/EP IIO - Address Map, VTd Misc, System Management
                  
      Offset 000:  86 80 28 3C  00 00 10 00  07 00 80 08  10 00 80 00 
      Offset 010:  00 00 00 00  00 00 00 00  00 00 00 00  00 00 00 00 
      Offset 020:  00 00 00 00  00 00 00 00  00 00 00 00  58 14 00 50 
      Offset 030:  00 00 00 00  40 00 00 00  00 00 00 00  00 00 00 00 
      Offset 040:  10 00 92 00  00 00 00 00  00 00 00 00  00 00 00 00 
      Offset 050:  00 00 00 00  00 00 00 00  00 00 00 00  00 00 00 00 
      Offset 060:  00 00 00 00  00 00 00 00  00 00 00 00  00 00 00 00 
      Offset 070:  00 00 00 00  00 00 00 00  00 00 00 00  00 00 00 00 
      Offset 080:  00 00 00 00  00 00 00 D0  00 00 00 DC  00 00 00 00 
      Offset 090:  00 00 00 00  00 00 00 00  00 00 00 00  00 00 00 00 
      Offset 0A0:  00 00 00 00  00 00 00 00  00 00 00 BC  00 00 F0 BD 
      Offset 0B0:  00 00 FF FF  FF FF 07 00  00 00 00 00  00 00 00 00 
      Offset 0C0:  00 00 FF FF  FF FF 07 00  00 00 00 00  00 00 00 00 
      Offset 0D0:  00 00 00 BC  00 00 00 3C  06 00 00 00  00 00 00 00 
      Offset 0E0:  00 00 00 FC  FF FF FF FF  00 00 00 00  00 00 00 00 
      Offset 0F0:  00 00 00 BE  00 00 00 00  00 00 F8 BF  00 00 00 00 

    B00 D05 F02:  Intel Sandy Bridge-E/EN/EP IIO - RAS, Control Status and Global Errors
                  
      Offset 000:  86 80 2A 3C  00 00 10 00  07 00 80 08  10 00 80 00 
      Offset 010:  00 00 00 00  00 00 00 00  00 00 00 00  00 00 00 00 
      Offset 020:  00 00 00 00  00 00 00 00  00 00 00 00  58 14 00 50 
      Offset 030:  00 00 00 00  40 00 00 00  00 00 00 00  00 00 00 00 
      Offset 040:  10 00 92 00  00 00 00 00  10 08 00 00  00 00 00 00 
      Offset 050:  00 00 00 00  00 00 00 00  00 00 00 00  00 00 00 00 
      Offset 060:  00 00 00 00  00 00 00 00  00 00 00 00  00 00 00 00 
      Offset 070:  00 00 00 00  00 00 00 00  00 00 00 00  00 00 00 00 
      Offset 080:  50 01 20 28  00 00 00 00  00 00 00 00  65 15 00 00 
      Offset 090:  00 00 00 00  24 00 00 00  00 00 00 00  22 05 00 00 
      Offset 0A0:  00 00 00 00  00 00 00 00  00 00 00 00  00 00 00 00 
      Offset 0B0:  00 00 00 00  00 00 00 00  00 00 00 00  C4 09 96 1E 
      Offset 0C0:  00 00 00 00  00 00 00 00  00 00 00 00  00 00 00 00 
      Offset 0D0:  00 00 00 00  00 00 00 00  00 00 00 00  00 00 00 00 
      Offset 0E0:  00 00 00 00  00 00 00 00  00 00 00 00  00 00 00 00 
      Offset 0F0:  00 00 00 00  00 00 00 00  00 00 00 00  00 00 00 00 

    B00 D05 F04:  Intel Sandy Bridge-E/EN/EP IIO - I/O APIC
                  
      Offset 000:  86 80 2C 3C  00 00 10 00  07 20 00 08  10 00 80 00 
      Offset 010:  00 A0 82 FB  00 00 00 00  00 00 00 00  00 00 00 00 
      Offset 020:  00 00 00 00  00 00 00 00  00 00 00 00  58 14 00 50 
      Offset 030:  00 00 00 00  6C 00 00 00  00 00 00 00  00 00 00 00 
      Offset 040:  00 00 00 00  10 E0 91 00  00 00 00 00  00 00 00 00 
      Offset 050:  00 00 00 00  00 00 00 00  00 00 00 00  00 00 00 00 
      Offset 060:  00 00 00 00  00 00 00 00  00 00 00 00  01 00 03 00 
      Offset 070:  08 00 00 00  00 00 00 00  00 00 00 00  00 00 00 00 
      Offset 080:  00 00 00 00  00 00 00 00  00 00 00 00  00 00 00 00 
      Offset 090:  00 00 00 00  00 00 00 00  00 00 00 00  00 00 00 00 
      Offset 0A0:  00 00 00 00  00 00 00 00  00 00 00 00  00 00 00 00 
      Offset 0B0:  00 00 00 00  00 00 00 00  00 00 00 00  00 00 00 00 
      Offset 0C0:  00 00 00 00  00 00 00 00  00 00 00 00  00 00 00 00 
      Offset 0D0:  00 00 00 00  00 00 00 00  00 00 00 00  00 00 00 00 
      Offset 0E0:  01 00 03 00  00 00 00 00  00 00 00 00  00 00 00 00 
      Offset 0F0:  00 00 00 00  00 00 00 00  00 00 00 00  00 00 00 00 

    B00 D11 F00:  Intel Patsburg PCH - Virtual Root Port [C1]
                  
      Offset 000:  86 80 3E 1D  04 04 10 00  06 00 04 06  10 00 01 00 
      Offset 010:  00 00 00 00  00 00 00 00  00 04 04 00  F0 00 00 20 
      Offset 020:  F0 FF 00 00  F1 FF 01 00  00 00 00 00  00 00 00 00 
      Offset 030:  00 00 00 00  40 00 00 00  00 00 00 00  0B 01 00 00 
      Offset 040:  10 80 42 00  00 80 00 00  00 20 00 00  11 0C 40 11 
      Offset 050:  00 00 11 10  00 00 00 00  00 00 00 00  00 00 00 00 
      Offset 060:  00 00 00 00  20 00 00 00  00 00 00 00  02 00 00 00 
      Offset 070:  01 00 00 00  00 00 00 00  00 00 00 00  00 00 00 00 
      Offset 080:  01 88 03 C8  00 00 00 00  0D 90 00 00  58 14 00 50 
      Offset 090:  05 00 00 00  00 00 00 00  00 00 00 00  00 00 00 00 
      Offset 0A0:  00 00 00 00  00 00 00 00  00 00 00 00  00 00 00 00 
      Offset 0B0:  00 00 00 00  00 00 00 00  00 00 00 00  00 00 00 00 
      Offset 0C0:  00 00 00 00  00 00 00 00  00 00 00 00  00 00 00 00 
      Offset 0D0:  00 00 00 00  FF 01 00 80  00 00 00 00  00 00 00 00 
      Offset 0E0:  00 00 00 00  00 00 00 00  00 00 01 00  00 00 00 00 
      Offset 0F0:  00 00 00 00  00 00 00 00  00 00 00 00  00 00 00 00 

    B00 D16 F00:  Intel Patsburg PCH - Manageability Engine Interface 1 [C0]
                  
      Offset 000:  86 80 3A 1D  06 04 10 00  05 00 80 07  00 00 80 00 
      Offset 010:  04 90 82 FB  00 00 00 00  00 00 00 00  00 00 00 00 
      Offset 020:  00 00 00 00  00 00 00 00  00 00 00 00  58 14 3A 1C 
      Offset 030:  00 00 00 00  50 00 00 00  00 00 00 00  00 01 00 00 
      Offset 040:  55 02 00 1E  10 00 01 80  00 01 00 60  E0 0B 00 13 
      Offset 050:  01 8C 03 C8  08 00 00 00  00 00 00 00  00 00 00 00 
      Offset 060:  00 00 00 00  00 00 00 00  00 00 00 00  00 00 00 00 
      Offset 070:  00 00 00 00  00 00 00 00  00 00 00 00  00 00 00 00 
      Offset 080:  00 00 00 00  00 00 00 00  00 00 00 00  05 00 81 00 
      Offset 090:  0C F0 EF FE  00 00 00 00  B4 01 00 00  00 00 00 00 
      Offset 0A0:  00 00 00 00  00 00 00 00  00 00 00 00  00 00 00 00 
      Offset 0B0:  00 00 00 00  00 00 00 00  00 00 00 00  02 00 00 C0 
      Offset 0C0:  4E 03 50 A6  46 6C 43 59  55 EA 9F F7  D0 28 8E D6 
      Offset 0D0:  76 FF E3 1C  C9 9F CA 2B  D5 0B B7 ED  EA 05 45 E7 
      Offset 0E0:  00 00 00 00  00 00 00 00  00 00 00 00  00 00 00 00 
      Offset 0F0:  00 00 00 00  00 00 00 00  00 00 00 00  00 00 00 00 

    B00 D19 F00:  Intel 82579V Gigabit Network Connection
                  
      Offset 000:  86 80 03 15  06 04 10 00  06 00 00 02  00 00 00 00 
      Offset 010:  00 00 80 FB  00 80 82 FB  01 00 00 00  00 00 00 00 
      Offset 020:  00 00 00 00  00 00 00 00  00 00 00 00  58 14 00 E0 
      Offset 030:  00 00 00 00  C8 00 00 00  00 00 00 00  00 01 00 00 
      Offset 040:  00 00 00 00  00 00 00 00  00 00 00 00  00 00 00 00 
      Offset 050:  00 00 00 00  00 00 00 00  00 00 00 00  00 00 00 00 
      Offset 060:  00 00 00 00  00 00 00 00  00 00 00 00  00 00 00 00 
      Offset 070:  00 00 00 00  00 00 00 00  00 00 00 00  00 00 00 00 
      Offset 080:  00 00 00 00  00 00 00 00  00 00 00 00  00 00 00 00 
      Offset 090:  00 00 00 00  00 00 00 00  00 00 00 00  00 00 00 00 
      Offset 0A0:  00 00 00 00  00 00 00 00  00 00 00 00  00 00 00 00 
      Offset 0B0:  00 00 00 00  00 00 00 00  00 00 00 00  00 00 00 00 
      Offset 0C0:  00 00 00 00  00 00 00 00  01 D0 22 C8  00 21 00 07 
      Offset 0D0:  05 E0 81 00  00 00 E0 FE  00 00 00 00  53 00 00 00 
      Offset 0E0:  13 00 06 03  00 00 00 00  00 00 00 00  00 00 00 00 
      Offset 0F0:  00 00 00 00  00 00 00 00  00 00 00 00  00 00 00 00 

    B00 D1A F00:  Intel Patsburg PCH - USB EHCI #2 Controller [C1]
                  
      Offset 000:  86 80 2D 1D  06 00 90 02  06 20 03 0C  00 00 00 00 
      Offset 010:  00 70 82 FB  00 00 00 00  00 00 00 00  00 00 00 00 
      Offset 020:  00 00 00 00  00 00 00 00  00 00 00 00  58 14 06 50 
      Offset 030:  00 00 00 00  50 00 00 00  00 00 00 00  10 01 00 00 
      Offset 040:  00 00 00 00  00 00 00 00  00 00 00 00  00 00 00 00 
      Offset 050:  01 58 C2 C9  00 80 00 00  0A 98 A0 20  00 00 00 00 
      Offset 060:  20 20 FF 07  00 00 00 00  01 00 00 01  00 20 00 00 
      Offset 070:  00 00 DF 3F  00 00 00 00  00 00 00 00  00 00 00 00 
      Offset 080:  00 00 80 00  11 88 0C 93  30 0D 00 24  00 00 00 00 
      Offset 090:  00 00 00 00  00 00 00 00  13 00 06 03  00 00 00 00 
      Offset 0A0:  00 00 00 00  00 00 00 00  00 00 00 00  00 00 00 00 
      Offset 0B0:  00 00 00 00  00 00 00 00  00 00 00 00  00 00 00 00 
      Offset 0C0:  00 00 00 00  00 00 00 00  00 00 00 00  00 00 00 00 
      Offset 0D0:  00 00 00 00  00 AA FF 00  00 00 00 00  00 00 00 00 
      Offset 0E0:  00 00 00 00  00 00 00 00  00 D0 05 40  04 D0 20 BA 
      Offset 0F0:  00 00 00 00  88 85 80 00  87 0F 07 08  08 17 5B 20 

    B00 D1B F00:  Intel Patsburg PCH - High Definition Audio Controller [C1]
                  
      Offset 000:  86 80 20 1D  06 00 10 00  06 00 03 04  10 00 00 00 
      Offset 010:  04 C0 FF FE  00 00 00 00  00 00 00 00  00 00 00 00 
      Offset 020:  00 00 00 00  00 00 00 00  00 00 00 00  58 14 32 A1 
      Offset 030:  00 00 00 00  50 00 00 00  00 00 00 00  16 01 00 00 
      Offset 040:  01 00 00 45  00 00 00 00  00 00 00 00  00 80 00 00 
      Offset 050:  01 60 42 C8  00 00 00 00  00 00 00 00  00 00 00 00 
      Offset 060:  05 70 80 00  00 00 00 00  00 00 00 00  00 00 00 00 
      Offset 070:  10 00 91 00  00 00 00 10  00 08 10 00  00 00 00 00 
      Offset 080:  00 00 00 00  00 00 00 00  00 00 00 00  00 00 00 00 
      Offset 090:  00 00 00 00  00 00 00 00  00 00 00 00  00 00 00 00 
      Offset 0A0:  00 00 00 00  00 00 00 00  00 00 00 00  00 00 00 00 
      Offset 0B0:  00 00 00 00  00 00 00 00  00 00 00 00  00 00 00 00 
      Offset 0C0:  00 04 10 01  02 24 00 40  00 0C A3 82  10 00 33 02 
      Offset 0D0:  00 0C A3 02  10 00 33 02  00 00 00 00  00 00 00 00 
      Offset 0E0:  00 00 00 00  00 00 00 00  00 00 00 00  00 00 00 00 
      Offset 0F0:  00 00 00 00  00 00 00 00  87 0F 07 08  00 00 00 00 

    B00 D1C F00:  Intel Patsburg PCH - PCI Express Port 1 [C1]
                  
      Offset 000:  86 80 10 1D  07 04 10 00  B6 00 04 06  10 00 81 00 
      Offset 010:  00 00 00 00  00 00 00 00  00 05 05 00  D0 D0 00 00 
      Offset 020:  70 FB 70 FB  F1 FF 01 00  00 00 00 00  00 00 00 00 
      Offset 030:  00 00 00 00  40 00 00 00  00 00 00 00  0A 01 00 00 
      Offset 040:  10 80 42 01  00 80 00 00  00 00 10 00  12 40 11 01 
      Offset 050:  00 00 12 70  00 B2 04 00  00 00 40 00  00 00 00 00 
      Offset 060:  00 00 00 00  16 00 00 00  00 00 00 00  00 00 00 00 
      Offset 070:  02 00 00 00  00 00 00 00  00 00 00 00  00 00 00 00 
      Offset 080:  05 90 00 00  00 00 00 00  00 00 00 00  00 00 00 00 
      Offset 090:  0D A0 00 00  58 14 01 50  00 00 00 00  00 00 00 00 
      Offset 0A0:  01 00 02 C8  00 00 00 00  00 00 00 00  00 00 00 00 
      Offset 0B0:  00 00 00 00  00 00 00 00  00 00 00 00  00 00 00 00 
      Offset 0C0:  00 00 00 00  00 00 00 00  00 00 00 00  00 00 00 00 
      Offset 0D0:  00 00 00 01  00 0B 00 00  00 80 11 01  00 00 00 00 
      Offset 0E0:  00 3F 00 00  00 00 00 00  01 00 00 00  00 00 00 00 
      Offset 0F0:  00 00 00 00  00 00 00 00  87 0F 07 08  00 00 00 00 

    B00 D1C F01:  Intel Patsburg PCH - PCI Express Port 2 [C1]
                  
      Offset 000:  86 80 12 1D  07 04 10 00  B6 00 04 06  10 00 81 00 
      Offset 010:  00 00 00 00  00 00 00 00  00 06 06 00  C0 C0 00 00 
      Offset 020:  60 FB 60 FB  F1 FF 01 00  00 00 00 00  00 00 00 00 
      Offset 030:  00 00 00 00  40 00 00 00  00 00 00 00  0B 02 00 00 
      Offset 040:  10 80 42 01  00 80 00 00  00 00 10 00  12 40 11 02 
      Offset 050:  00 00 12 70  00 B2 04 00  00 00 40 00  00 00 00 00 
      Offset 060:  00 00 00 00  16 00 00 00  00 00 00 00  00 00 00 00 
      Offset 070:  02 00 00 00  00 00 00 00  00 00 00 00  00 00 00 00 
      Offset 080:  05 90 00 00  00 00 00 00  00 00 00 00  00 00 00 00 
      Offset 090:  0D A0 00 00  58 14 01 50  00 00 00 00  00 00 00 00 
      Offset 0A0:  01 00 02 C8  00 00 00 00  00 00 00 00  00 00 00 00 
      Offset 0B0:  00 00 00 00  00 00 00 00  00 00 00 00  00 00 00 00 
      Offset 0C0:  00 00 00 00  00 00 00 00  00 00 00 00  00 00 00 00 
      Offset 0D0:  00 00 00 01  00 0B 00 00  00 80 11 01  00 00 00 00 
      Offset 0E0:  00 03 00 00  00 00 00 00  01 00 00 00  00 00 00 00 
      Offset 0F0:  00 00 00 00  00 00 00 00  87 0F 07 08  00 00 00 00 

    B00 D1C F02:  Intel Patsburg PCH - PCI Express Port 3 [C1]
                  
      Offset 000:  86 80 14 1D  07 04 10 00  B6 00 04 06  10 00 81 00 
      Offset 010:  00 00 00 00  00 00 00 00  00 07 07 00  B0 B0 00 00 
      Offset 020:  50 FB 50 FB  F1 FF 01 00  00 00 00 00  00 00 00 00 
      Offset 030:  00 00 00 00  40 00 00 00  00 00 00 00  0B 03 00 00 
      Offset 040:  10 80 42 01  00 80 00 00  00 00 10 00  12 40 11 03 
      Offset 050:  00 00 12 70  00 B2 04 00  00 00 40 00  00 00 00 00 
      Offset 060:  00 00 00 00  16 00 00 00  00 00 00 00  00 00 00 00 
      Offset 070:  02 00 00 00  00 00 00 00  00 00 00 00  00 00 00 00 
      Offset 080:  05 90 00 00  00 00 00 00  00 00 00 00  00 00 00 00 
      Offset 090:  0D A0 00 00  58 14 01 50  00 00 00 00  00 00 00 00 
      Offset 0A0:  01 00 02 C8  00 00 00 00  00 00 00 00  00 00 00 00 
      Offset 0B0:  00 00 00 00  00 00 00 00  00 00 00 00  00 00 00 00 
      Offset 0C0:  00 00 00 00  00 00 00 00  00 00 00 00  00 00 00 00 
      Offset 0D0:  00 00 00 01  00 0B 00 00  00 80 11 01  00 00 00 00 
      Offset 0E0:  00 03 00 00  00 00 00 00  01 00 00 00  00 00 00 00 
      Offset 0F0:  00 00 00 00  00 00 00 00  87 0F 07 08  00 00 00 00 

    B00 D1C F05:  Intel Patsburg PCH - PCI Express Port 6 [C1]
                  
      Offset 000:  86 80 1A 1D  06 04 10 00  B6 00 04 06  10 00 81 00 
      Offset 010:  00 00 00 00  00 00 00 00  00 08 08 00  F0 00 00 00 
      Offset 020:  40 FB 40 FB  F1 FF 01 00  00 00 00 00  00 00 00 00 
      Offset 030:  00 00 00 00  40 00 00 00  00 00 00 00  0B 02 00 00 
      Offset 040:  10 80 42 01  00 80 00 00  00 00 12 00  12 40 11 06 
      Offset 050:  00 00 12 70  00 B2 04 00  00 00 40 00  00 00 00 00 
      Offset 060:  00 00 00 00  16 00 00 00  00 00 00 00  00 00 00 00 
      Offset 070:  02 00 00 00  00 00 00 00  00 00 00 00  00 00 00 00 
      Offset 080:  05 90 00 00  00 00 00 00  00 00 00 00  00 00 00 00 
      Offset 090:  0D A0 00 00  58 14 01 50  00 00 00 00  00 00 00 00 
      Offset 0A0:  01 00 02 C8  00 00 00 00  00 00 00 00  00 00 00 00 
      Offset 0B0:  00 00 00 00  00 00 00 00  00 00 00 00  00 00 00 00 
      Offset 0C0:  00 00 00 00  00 00 00 00  00 00 00 00  00 00 00 00 
      Offset 0D0:  00 00 00 01  00 0B 00 00  00 80 11 01  00 00 00 00 
      Offset 0E0:  00 03 00 00  00 00 00 00  01 00 00 00  00 00 00 00 
      Offset 0F0:  00 00 00 00  00 00 00 00  87 0F 07 08  00 00 00 00 

    B00 D1C F06:  Intel Patsburg PCH - PCI Express Port 7 [C1]
                  
      Offset 000:  86 80 1C 1D  06 04 10 00  B6 00 04 06  10 00 81 00 
      Offset 010:  00 00 00 00  00 00 00 00  00 09 09 00  F0 00 00 00 
      Offset 020:  30 FB 30 FB  F1 FF 01 00  00 00 00 00  00 00 00 00 
      Offset 030:  00 00 00 00  40 00 00 00  00 00 00 00  0B 03 00 00 
      Offset 040:  10 80 42 01  00 80 00 00  00 00 12 00  12 40 11 07 
      Offset 050:  00 00 12 70  00 B2 04 00  00 00 40 00  00 00 00 00 
      Offset 060:  00 00 00 00  16 00 00 00  00 00 00 00  00 00 00 00 
      Offset 070:  02 00 00 00  00 00 00 00  00 00 00 00  00 00 00 00 
      Offset 080:  05 90 00 00  00 00 00 00  00 00 00 00  00 00 00 00 
      Offset 090:  0D A0 00 00  58 14 01 50  00 00 00 00  00 00 00 00 
      Offset 0A0:  01 00 02 C8  00 00 00 00  00 00 00 00  00 00 00 00 
      Offset 0B0:  00 00 00 00  00 00 00 00  00 00 00 00  00 00 00 00 
      Offset 0C0:  00 00 00 00  00 00 00 00  00 00 00 00  00 00 00 00 
      Offset 0D0:  00 00 00 01  00 0B 00 00  00 80 11 01  00 00 00 00 
      Offset 0E0:  00 03 00 00  00 00 00 00  01 00 00 00  00 00 00 00 
      Offset 0F0:  00 00 00 00  00 00 00 00  87 0F 07 08  00 00 00 00 

    B00 D1C F07:  Intel Patsburg PCH - PCI Express Port 8 [C1]
                  
      Offset 000:  86 80 1E 1D  06 04 10 00  B6 00 04 06  10 00 81 00 
      Offset 010:  00 00 00 00  00 00 00 00  00 0A 0B 00  F0 00 00 20 
      Offset 020:  20 FB 20 FB  F1 FF 01 00  00 00 00 00  00 00 00 00 
      Offset 030:  00 00 00 00  40 00 00 00  00 00 00 00  0A 04 00 00 
      Offset 040:  10 80 42 01  00 80 00 00  00 00 10 00  12 40 11 08 
      Offset 050:  00 00 11 70  00 B2 04 00  00 00 40 00  00 00 00 00 
      Offset 060:  00 00 00 00  16 00 00 00  00 00 00 00  00 00 00 00 
      Offset 070:  01 00 01 00  00 00 00 00  00 00 00 00  00 00 00 00 
      Offset 080:  05 90 00 00  00 00 00 00  00 00 00 00  00 00 00 00 
      Offset 090:  0D A0 00 00  58 14 01 50  00 00 00 00  00 00 00 00 
      Offset 0A0:  01 00 02 C8  00 00 00 00  00 00 00 00  00 00 00 00 
      Offset 0B0:  00 00 00 00  00 00 00 00  00 00 00 00  00 00 00 00 
      Offset 0C0:  00 00 00 00  00 00 00 00  00 00 00 00  00 00 00 00 
      Offset 0D0:  00 00 00 01  00 0B 00 00  00 80 11 01  00 00 00 00 
      Offset 0E0:  00 03 00 00  00 00 00 00  01 00 00 00  00 00 00 00 
      Offset 0F0:  00 00 00 00  00 00 00 00  87 0F 07 08  00 00 00 00 

    B00 D1D F00:  Intel Patsburg PCH - USB EHCI #1 Controller [C1]
                  
      Offset 000:  86 80 26 1D  06 00 90 02  06 20 03 0C  00 00 00 00 
      Offset 010:  00 60 82 FB  00 00 00 00  00 00 00 00  00 00 00 00 
      Offset 020:  00 00 00 00  00 00 00 00  00 00 00 00  58 14 06 50 
      Offset 030:  00 00 00 00  50 00 00 00  00 00 00 00  17 01 00 00 
      Offset 040:  00 00 00 00  00 00 00 00  00 00 00 00  00 00 00 00 
      Offset 050:  01 58 C2 C9  00 80 00 00  0A 98 A0 20  00 00 00 00 
      Offset 060:  20 20 FF 07  00 00 00 00  01 00 00 01  00 20 00 00 
      Offset 070:  00 00 DF 3F  00 00 00 00  00 00 00 00  00 00 00 00 
      Offset 080:  00 00 80 00  11 88 0C 93  30 0D 00 24  00 00 00 00 
      Offset 090:  00 00 00 00  00 00 00 00  13 00 06 03  00 00 00 00 
      Offset 0A0:  00 00 00 00  00 00 00 00  00 00 00 00  00 00 00 00 
      Offset 0B0:  00 00 00 00  00 00 00 00  00 00 00 00  00 00 00 00 
      Offset 0C0:  00 00 00 00  00 00 00 00  00 00 00 00  00 00 00 00 
      Offset 0D0:  00 00 00 00  00 AA FF 00  00 00 00 00  00 00 00 00 
      Offset 0E0:  00 00 00 00  00 00 00 00  00 E8 05 40  04 90 1E BA 
      Offset 0F0:  00 00 00 00  88 85 80 00  87 0F 07 08  08 17 5B 20 

    B00 D1E F00:  Intel X79 Platform Controller Hub [C1]
                  
      Offset 000:  86 80 4E 24  07 00 10 00  A6 01 04 06  00 00 01 00 
      Offset 010:  00 00 00 00  00 00 00 00  00 0C 0C 20  A0 A0 80 22 
      Offset 020:  10 FB 10 FB  F1 FF 01 00  00 00 00 00  00 00 00 00 
      Offset 030:  00 00 00 00  50 00 00 00  00 00 00 00  FF 00 00 00 
      Offset 040:  00 00 00 00  00 00 00 00  00 00 00 00  00 12 00 10 
      Offset 050:  0D 00 00 00  58 14 01 50  00 00 00 00  00 00 00 00 
      Offset 060:  00 00 00 00  00 00 00 00  00 00 00 00  00 00 00 00 
      Offset 070:  00 00 00 00  00 00 00 00  00 00 00 00  00 00 00 00 
      Offset 080:  00 00 00 00  00 00 00 00  00 00 00 00  00 00 00 00 
      Offset 090:  00 00 00 00  00 00 00 00  00 00 00 00  00 00 00 00 
      Offset 0A0:  00 00 00 00  00 00 00 00  00 00 00 00  00 00 00 00 
      Offset 0B0:  00 00 00 00  00 00 00 00  00 00 00 00  00 00 00 00 
      Offset 0C0:  00 00 00 00  00 00 00 00  00 00 00 00  00 00 00 00 
      Offset 0D0:  00 00 00 00  00 00 00 00  00 00 00 00  00 00 00 00 
      Offset 0E0:  00 00 00 00  00 00 00 00  00 00 00 00  00 00 00 00 
      Offset 0F0:  00 00 00 00  00 00 00 00  87 0F 07 08  00 00 00 00 

    B00 D1F F00:  Intel X79 PCH - LPC Interface Controller [C1]
                  
      Offset 000:  86 80 41 1D  07 00 10 02  06 00 01 06  00 00 80 00 
      Offset 010:  00 00 00 00  00 00 00 00  00 00 00 00  00 00 00 00 
      Offset 020:  00 00 00 00  00 00 00 00  00 00 00 00  58 14 01 50 
      Offset 030:  00 00 00 00  E0 00 00 00  00 00 00 00  00 00 00 00 
      Offset 040:  01 04 00 00  80 00 00 00  01 05 00 00  10 00 00 00 
      Offset 050:  F8 00 00 00  00 00 00 00  00 00 00 00  00 00 00 00 
      Offset 060:  8B 8A 8B 8A  D0 00 00 00  85 80 83 87  F8 F0 00 00 
      Offset 070:  78 F0 78 F0  78 F0 78 F0  78 F0 78 F0  78 F0 78 F0 
      Offset 080:  10 00 0E 3F  01 0A 3C 00  00 00 00 00  00 00 00 00 
      Offset 090:  00 00 00 00  00 0F 00 00  00 00 00 00  00 00 00 00 
      Offset 0A0:  08 0A 20 00  49 19 06 00  00 47 00 00  00 03 00 80 
      Offset 0B0:  00 00 00 00  00 00 00 00  00 00 00 00  00 00 00 00 
      Offset 0C0:  00 00 00 00  00 00 00 00  00 00 00 00  00 00 00 00 
      Offset 0D0:  33 22 11 00  67 45 00 00  C0 FF 00 00  08 00 00 00 
      Offset 0E0:  09 00 0C 10  00 00 00 00  91 02 64 0C  00 00 00 00 
      Offset 0F0:  01 C0 D1 FE  00 00 00 00  87 0F 07 08  00 00 00 00 

    B00 D1F F02:  Intel Patsburg PCH - SATA AHCI 6-Port Controller [C1]
                  
      Offset 000:  86 80 02 1D  07 04 B0 02  06 01 06 01  00 00 00 00 
      Offset 010:  91 F0 00 00  81 F0 00 00  71 F0 00 00  61 F0 00 00 
      Offset 020:  21 F0 00 00  00 50 82 FB  00 00 00 00  58 14 02 B0 
      Offset 030:  00 00 00 00  80 00 00 00  00 00 00 00  00 02 00 00 
      Offset 040:  07 23 07 23  00 00 00 00  05 00 03 23  00 00 00 00 
      Offset 050:  00 00 00 00  00 50 44 00  00 00 00 00  00 00 00 00 
      Offset 060:  00 00 00 00  00 00 00 00  00 00 00 00  00 00 00 00 
      Offset 070:  01 A8 03 40  08 00 00 00  00 00 00 00  00 00 00 00 
      Offset 080:  05 70 01 00  0C F0 EF FE  60 01 00 00  00 00 00 00 
      Offset 090:  60 00 2B AB  83 01 00 14  08 42 1C 01  00 02 00 00 
      Offset 0A0:  00 00 00 00  00 00 00 00  12 B0 10 00  48 00 00 00 
      Offset 0B0:  13 00 06 03  00 00 00 00  00 00 00 00  00 00 00 00 
      Offset 0C0:  00 00 00 00  00 00 00 00  00 00 00 00  00 00 00 00 
      Offset 0D0:  00 00 00 00  00 00 00 00  00 00 00 00  00 00 00 00 
      Offset 0E0:  00 00 00 00  00 00 00 00  00 00 00 00  00 00 00 00 
      Offset 0F0:  00 00 00 00  00 00 00 00  87 0F 07 08  00 00 00 00 

    B00 D1F F03:  Intel Patsburg PCH - SMBus Controller [C1]
                  
      Offset 000:  86 80 22 1D  01 00 80 02  06 00 05 0C  00 00 00 00 
      Offset 010:  04 40 82 FB  00 00 00 00  00 00 00 00  00 00 00 00 
      Offset 020:  01 F0 00 00  00 00 00 00  00 00 00 00  58 14 01 50 
      Offset 030:  00 00 00 00  00 00 00 00  00 00 00 00  0B 03 00 00 
      Offset 040:  01 00 00 00  00 00 00 00  00 00 00 00  00 00 00 00 
      Offset 050:  00 00 00 00  00 00 00 00  00 00 00 00  00 00 00 00 
      Offset 060:  03 04 04 00  00 00 08 08  00 00 00 00  00 00 00 00 
      Offset 070:  00 00 00 00  00 00 00 00  00 00 00 00  00 00 00 00 
      Offset 080:  04 00 00 00  00 00 00 00  00 00 00 00  00 00 00 00 
      Offset 090:  00 00 00 00  00 00 00 00  00 00 00 00  00 00 00 00 
      Offset 0A0:  00 00 00 00  00 00 00 00  00 00 00 00  00 00 00 00 
      Offset 0B0:  00 00 00 00  00 00 00 00  00 00 00 00  00 00 00 00 
      Offset 0C0:  00 00 00 00  00 00 00 00  00 00 00 00  00 00 00 00 
      Offset 0D0:  00 00 00 00  00 00 00 00  00 00 00 00  00 00 00 00 
      Offset 0E0:  00 00 00 00  00 00 00 00  00 00 00 00  00 00 00 00 
      Offset 0F0:  00 00 00 00  00 00 00 00  87 0F 07 08  00 00 00 00 

    B00 D1F F06:  Intel Patsburg PCH - Thermal Management Controller [C1]
                  
      Offset 000:  86 80 24 1D  00 00 10 00  06 00 80 11  00 00 00 00 
      Offset 010:  04 00 00 00  00 00 00 00  00 00 00 00  00 00 00 00 
      Offset 020:  00 00 00 00  00 00 00 00  00 00 00 00  00 00 00 00 
      Offset 030:  00 00 00 00  50 00 00 00  00 00 00 00  00 03 00 00 
      Offset 040:  04 00 00 00  00 00 00 00  00 00 00 00  00 00 00 00 
      Offset 050:  01 00 23 00  08 00 00 00  00 00 00 00  00 00 00 00 
      Offset 060:  00 00 00 00  00 00 00 00  00 00 00 00  00 00 00 00 
      Offset 070:  00 00 00 00  00 00 00 00  00 00 00 00  00 00 00 00 
      Offset 080:  05 00 00 00  00 00 00 00  00 00 00 00  00 00 00 00 
      Offset 090:  00 00 00 00  00 00 00 00  00 00 00 00  00 00 00 00 
      Offset 0A0:  00 00 00 00  00 00 00 00  00 00 00 00  00 00 00 00 
      Offset 0B0:  00 00 00 00  00 00 00 00  00 00 00 00  00 00 00 00 
      Offset 0C0:  00 00 00 00  00 00 00 00  00 00 00 00  00 00 00 00 
      Offset 0D0:  00 00 00 00  00 00 00 00  00 00 00 00  00 00 00 00 
      Offset 0E0:  00 00 00 00  00 00 00 00  00 00 00 00  00 00 00 00 
      Offset 0F0:  00 00 00 00  00 00 00 00  87 0F 07 08  00 00 00 00 

    B01 D00 F00:  Gigabyte GeForce GTX 670 Video Adapter
                  
      Offset 000:  DE 10 89 11  07 00 10 00  A1 00 00 03  10 00 80 00 
      Offset 010:  00 00 00 FA  0C 00 00 F0  00 00 00 00  0C 00 00 F8 
      Offset 020:  00 00 00 00  01 E0 00 00  00 00 00 00  58 14 4B 35 
      Offset 030:  00 00 00 00  60 00 00 00  00 00 00 00  10 01 00 00 
      Offset 040:  58 14 4B 35  00 00 00 00  00 00 00 00  00 00 00 00 
      Offset 050:  00 00 00 00  01 00 00 00  CE D6 23 00  00 00 00 00 
      Offset 060:  01 68 03 00  08 00 00 00  05 78 80 00  00 00 00 00 
      Offset 070:  00 00 00 00  00 00 00 00  10 B4 02 00  E1 8D 64 00 
      Offset 080:  30 21 00 00  02 3D 45 00  40 01 81 10  00 00 00 00 
      Offset 090:  00 00 00 00  00 00 00 00  00 00 00 00  13 00 00 00 
      Offset 0A0:  00 00 00 00  00 00 00 00  02 00 1E 00  00 00 00 00 
      Offset 0B0:  00 00 00 00  09 00 14 01  00 00 00 00  00 00 00 00 
      Offset 0C0:  00 00 00 00  00 00 00 00  00 00 00 00  00 00 00 00 
      Offset 0D0:  00 00 00 00  00 00 00 00  00 00 00 00  00 00 00 00 
      Offset 0E0:  00 00 00 00  00 00 00 00  00 00 00 00  00 00 00 00 
      Offset 0F0:  00 00 00 00  00 00 00 00  00 00 00 00  00 00 00 00 

    B01 D00 F01:  nVIDIA GK104 - High Definition Audio Controller
                  
      Offset 000:  DE 10 0A 0E  06 00 10 00  A1 00 03 04  10 00 80 00 
      Offset 010:  00 00 08 FB  00 00 00 00  00 00 00 00  00 00 00 00 
      Offset 020:  00 00 00 00  00 00 00 00  00 00 00 00  58 14 4B 35 
      Offset 030:  00 00 00 00  60 00 00 00  00 00 00 00  11 02 00 00 
      Offset 040:  58 14 4B 35  00 00 00 00  00 00 00 00  00 00 00 00 
      Offset 050:  00 00 00 00  00 00 00 00  CE D6 23 00  00 00 00 00 
      Offset 060:  01 68 03 00  08 00 00 00  05 78 80 00  00 00 00 00 
      Offset 070:  00 00 00 00  00 00 00 00  10 00 02 00  E1 8D 64 00 
      Offset 080:  20 28 00 00  02 3D 45 00  03 01 81 10  00 00 00 00 
      Offset 090:  00 00 00 00  00 00 00 00  00 00 00 00  13 00 00 00 
      Offset 0A0:  00 00 00 00  06 00 00 00  00 00 3E 00  00 00 00 00 
      Offset 0B0:  00 00 00 00  00 00 00 00  00 00 00 00  00 00 00 00 
      Offset 0C0:  00 00 00 00  00 00 00 00  00 00 00 00  00 00 00 00 
      Offset 0D0:  00 00 00 00  00 00 00 00  00 00 00 00  00 00 00 00 
      Offset 0E0:  00 00 00 00  00 00 00 00  00 00 00 00  00 00 00 00 
      Offset 0F0:  00 00 00 00  00 00 00 00  00 00 00 00  00 00 00 00 

    B05 D00 F00:  Marvell 88SE9120 SATA 6Gb/s Controller
                  
      Offset 000:  4B 1B 72 91  06 04 10 00  11 01 06 01  10 00 00 00 
      Offset 010:  01 00 00 00  01 00 00 00  01 00 00 00  01 00 00 00 
      Offset 020:  01 00 00 00  00 00 71 FB  00 00 00 00  58 14 00 B0 
      Offset 030:  00 00 00 00  40 00 00 00  00 00 00 00  00 01 00 00 
      Offset 040:  01 50 03 40  00 00 00 00  00 00 00 00  00 00 00 00 
      Offset 050:  05 70 01 00  0C F0 EF FE  50 01 00 00  00 00 00 00 
      Offset 060:  00 00 00 00  00 00 00 00  00 00 00 00  00 00 00 00 
      Offset 070:  10 00 12 00  02 87 90 05  00 20 09 00  12 3C 03 00 
      Offset 080:  00 00 12 10  00 00 00 00  00 00 00 00  00 00 00 00 
      Offset 090:  00 00 00 00  10 00 00 00  10 00 00 00  00 00 00 00 
      Offset 0A0:  02 00 00 00  00 00 00 00  00 00 00 00  00 00 00 00 
      Offset 0B0:  00 00 00 00  00 00 00 00  00 00 00 00  00 00 00 00 
      Offset 0C0:  00 00 00 00  00 00 00 00  00 00 00 00  00 00 00 00 
      Offset 0D0:  00 00 00 00  00 00 00 00  00 00 00 00  00 00 00 00 
      Offset 0E0:  00 00 00 00  00 00 00 00  00 00 00 00  00 00 00 00 
      Offset 0F0:  00 00 00 00  00 00 00 00  00 00 00 00  00 00 00 00 

    B06 D00 F00:  Marvell 88SE9120 SATA 6Gb/s Controller
                  
      Offset 000:  4B 1B 72 91  06 04 10 00  11 01 06 01  10 00 00 00 
      Offset 010:  01 00 00 00  01 00 00 00  01 00 00 00  01 00 00 00 
      Offset 020:  01 00 00 00  00 00 61 FB  00 00 00 00  58 14 00 B0 
      Offset 030:  00 00 00 00  40 00 00 00  00 00 00 00  00 01 00 00 
      Offset 040:  01 50 03 40  00 00 00 00  00 00 00 00  00 00 00 00 
      Offset 050:  05 70 01 00  0C F0 EF FE  B1 01 00 00  00 00 00 00 
      Offset 060:  00 00 00 00  00 00 00 00  00 00 00 00  00 00 00 00 
      Offset 070:  10 00 12 00  02 87 90 05  00 20 09 00  12 3C 03 00 
      Offset 080:  00 00 12 10  00 00 00 00  00 00 00 00  00 00 00 00 
      Offset 090:  00 00 00 00  10 00 00 00  10 00 00 00  00 00 00 00 
      Offset 0A0:  02 00 00 00  00 00 00 00  00 00 00 00  00 00 00 00 
      Offset 0B0:  00 00 00 00  00 00 00 00  00 00 00 00  00 00 00 00 
      Offset 0C0:  00 00 00 00  00 00 00 00  00 00 00 00  00 00 00 00 
      Offset 0D0:  00 00 00 00  00 00 00 00  00 00 00 00  00 00 00 00 
      Offset 0E0:  00 00 00 00  00 00 00 00  00 00 00 00  00 00 00 00 
      Offset 0F0:  00 00 00 00  00 00 00 00  00 00 00 00  00 00 00 00 

    B07 D00 F00:  Marvell 88SE9120 SATA 6Gb/s Controller
                  
      Offset 000:  4B 1B 72 91  06 04 10 00  11 01 06 01  10 00 00 00 
      Offset 010:  01 00 00 00  01 00 00 00  01 00 00 00  01 00 00 00 
      Offset 020:  01 00 00 00  00 00 51 FB  00 00 00 00  58 14 00 B0 
      Offset 030:  00 00 00 00  40 00 00 00  00 00 00 00  00 01 00 00 
      Offset 040:  01 50 03 40  00 00 00 00  00 00 00 00  00 00 00 00 
      Offset 050:  05 70 01 00  0C F0 EF FE  A1 01 00 00  00 00 00 00 
      Offset 060:  00 00 00 00  00 00 00 00  00 00 00 00  00 00 00 00 
      Offset 070:  10 00 12 00  02 87 90 05  00 20 09 00  12 3C 03 00 
      Offset 080:  00 00 12 10  00 00 00 00  00 00 00 00  00 00 00 00 
      Offset 090:  00 00 00 00  10 00 00 00  10 00 00 00  00 00 00 00 
      Offset 0A0:  02 00 00 00  00 00 00 00  00 00 00 00  00 00 00 00 
      Offset 0B0:  00 00 00 00  00 00 00 00  00 00 00 00  00 00 00 00 
      Offset 0C0:  00 00 00 00  00 00 00 00  00 00 00 00  00 00 00 00 
      Offset 0D0:  00 00 00 00  00 00 00 00  00 00 00 00  00 00 00 00 
      Offset 0E0:  00 00 00 00  00 00 00 00  00 00 00 00  00 00 00 00 
      Offset 0F0:  00 00 00 00  00 00 00 00  00 00 00 00  00 00 00 00 

    B08 D00 F00:  Fresco Logic FL1009 USB 3.0 xHCI Controller
                  
      Offset 000:  73 1B 09 10  06 04 10 00  02 30 03 0C  10 00 00 00 
      Offset 010:  04 00 40 FB  00 00 00 00  04 10 41 FB  00 00 00 00 
      Offset 020:  04 00 41 FB  00 00 00 00  00 00 00 00  58 14 07 50 
      Offset 030:  00 00 00 00  40 00 00 00  00 00 00 00  00 01 00 00 
      Offset 040:  01 50 C3 DB  00 00 00 00  00 00 00 00  00 00 00 00 
      Offset 050:  05 70 86 00  00 00 00 00  00 00 00 00  00 00 00 00 
      Offset 060:  30 20 00 00  00 00 00 00  00 00 00 00  00 00 00 00 
      Offset 070:  10 B0 02 00  C2 8F 90 05  00 28 1B 00  12 FC 03 00 
      Offset 080:  00 00 12 10  00 00 00 00  00 00 00 00  00 00 00 00 
      Offset 090:  00 00 00 00  10 00 00 00  00 00 00 00  00 00 00 00 
      Offset 0A0:  02 00 00 00  00 00 00 00  00 00 00 00  00 00 00 00 
      Offset 0B0:  11 00 07 80  02 00 00 00  04 00 00 00  00 00 00 00 
      Offset 0C0:  00 00 00 00  00 00 00 00  00 00 00 00  00 00 00 00 
      Offset 0D0:  00 00 00 00  00 00 00 00  00 00 00 00  00 00 00 00 
      Offset 0E0:  00 00 00 00  00 00 00 00  00 00 00 00  00 00 00 00 
      Offset 0F0:  00 00 00 00  00 00 00 00  58 14 07 50  00 00 00 00 

    B09 D00 F00:  Fresco Logic FL1009 USB 3.0 xHCI Controller
                  
      Offset 000:  73 1B 09 10  06 04 10 00  02 30 03 0C  10 00 00 00 
      Offset 010:  04 00 30 FB  00 00 00 00  04 10 31 FB  00 00 00 00 
      Offset 020:  04 00 31 FB  00 00 00 00  00 00 00 00  58 14 07 50 
      Offset 030:  00 00 00 00  40 00 00 00  00 00 00 00  00 01 00 00 
      Offset 040:  01 50 C3 DB  00 00 00 00  00 00 00 00  00 00 00 00 
      Offset 050:  05 70 86 00  00 00 00 00  00 00 00 00  00 00 00 00 
      Offset 060:  30 20 00 00  00 00 00 00  00 00 00 00  00 00 00 00 
      Offset 070:  10 B0 02 00  C2 8F 90 05  00 28 1B 00  12 FC 03 00 
      Offset 080:  00 00 12 10  00 00 00 00  00 00 00 00  00 00 00 00 
      Offset 090:  00 00 00 00  10 00 00 00  00 00 00 00  00 00 00 00 
      Offset 0A0:  02 00 00 00  00 00 00 00  00 00 00 00  00 00 00 00 
      Offset 0B0:  11 00 07 80  02 00 00 00  04 00 00 00  00 00 00 00 
      Offset 0C0:  00 00 00 00  00 00 00 00  00 00 00 00  00 00 00 00 
      Offset 0D0:  00 00 00 00  00 00 00 00  00 00 00 00  00 00 00 00 
      Offset 0E0:  00 00 00 00  00 00 00 00  00 00 00 00  00 00 00 00 
      Offset 0F0:  00 00 00 00  00 00 00 00  58 14 07 50  00 00 00 00 

    B0A D00 F00:  Creative Game Port
                  
      Offset 000:  02 11 06 70  06 00 10 00  00 00 04 06  10 00 01 00 
      Offset 010:  00 00 00 00  00 00 00 00  0A 0B 0B 20  F1 01 80 22 
      Offset 020:  20 FB 20 FB  F1 FF 01 00  00 00 00 00  00 00 00 00 
      Offset 030:  00 00 00 00  50 00 00 00  00 00 00 00  FF 00 00 00 
      Offset 040:  00 00 00 00  00 00 00 00  00 00 00 00  00 00 00 00 
      Offset 050:  01 60 03 06  08 00 40 00  00 00 00 00  00 00 00 00 
      Offset 060:  05 80 88 00  00 00 00 00  00 00 00 00  00 00 00 00 
      Offset 070:  00 00 00 00  00 00 00 00  00 00 00 00  00 00 00 00 
      Offset 080:  0D 90 00 00  02 11 10 00  00 00 00 00  00 00 00 00 
      Offset 090:  10 00 71 00  82 0D 90 05  00 28 0A 00  11 4C 02 00 
      Offset 0A0:  00 00 11 10  00 00 00 00  00 00 00 00  00 00 00 00 
      Offset 0B0:  00 00 00 00  00 00 05 00  00 00 00 00  00 00 00 00 
      Offset 0C0:  00 00 00 0A  08 01 12 00  00 20 14 32  00 00 00 00 
      Offset 0D0:  02 11 10 00  00 C0 06 86  00 00 00 00  40 00 00 00 
      Offset 0E0:  00 00 00 00  00 00 00 00  00 00 00 00  00 00 00 00 
      Offset 0F0:  00 00 00 00  00 00 00 00  00 00 00 00  00 00 00 00 

    B0B D00 F00:  Creative SB X-Fi Xtreme HD Audio Controller
                  
      Offset 000:  02 11 09 00  06 00 90 02  00 00 03 04  00 20 00 00 
      Offset 010:  00 C0 2F FB  00 00 00 00  00 00 00 00  00 00 00 00 
      Offset 020:  00 00 00 00  00 00 00 00  00 00 00 00  02 11 18 00 
      Offset 030:  00 00 00 00  DC 00 00 00  00 00 00 00  13 01 02 14 
      Offset 040:  00 00 00 00  00 00 00 00  00 00 00 00  00 82 00 00 
      Offset 050:  00 80 00 00  00 00 00 00  00 00 00 00  00 00 00 00 
      Offset 060:  00 00 00 00  00 00 00 00  00 00 00 00  00 00 00 00 
      Offset 070:  00 00 00 00  00 00 00 00  00 00 00 00  00 00 00 00 
      Offset 080:  00 00 00 00  00 00 00 00  00 00 00 00  00 00 00 00 
      Offset 090:  00 00 00 00  00 00 00 00  00 00 00 00  00 00 00 00 
      Offset 0A0:  00 00 00 00  00 00 00 00  00 00 00 00  00 00 00 00 
      Offset 0B0:  00 00 00 00  00 00 00 00  00 00 00 00  00 00 00 00 
      Offset 0C0:  00 00 00 00  00 00 00 00  00 00 00 00  00 00 00 00 
      Offset 0D0:  00 00 00 00  00 00 00 00  00 00 00 00  01 00 23 06 
      Offset 0E0:  08 00 00 00  00 00 00 00  00 00 00 00  00 00 00 00 
      Offset 0F0:  00 00 00 00  00 00 00 00  00 00 00 00  00 00 00 00 

    B0C D00 F00:  VIA VT6105M/LOM Rhine III 10/100 Mbps Fast Ethernet Controller
                  
      Offset 000:  06 11 06 31  87 00 10 02  8B 00 00 02  10 20 00 00 
      Offset 010:  01 AF 00 00  00 FF 1F FB  00 00 00 00  00 00 00 00 
      Offset 020:  00 00 00 00  00 00 00 00  00 00 00 00  86 11 05 14 
      Offset 030:  00 00 00 00  44 00 00 00  00 00 00 00  10 01 03 08 
      Offset 040:  00 00 00 00  01 00 02 FE  00 01 00 00  00 00 00 00 
      Offset 050:  00 00 82 04  00 00 00 00  00 00 00 00  00 00 00 00 
      Offset 060:  00 00 00 00  00 00 00 00  00 00 00 00  00 00 00 00 
      Offset 070:  00 00 00 00  00 00 00 00  00 00 00 00  00 00 00 00 
      Offset 080:  00 00 00 00  00 00 00 00  00 00 00 00  00 00 00 00 
      Offset 090:  00 00 00 00  00 00 00 00  00 00 00 00  00 00 00 00 
      Offset 0A0:  00 00 00 00  00 00 00 00  00 00 00 00  00 00 00 00 
      Offset 0B0:  00 00 00 00  00 00 00 00  00 00 00 00  00 00 00 00 
      Offset 0C0:  00 00 00 00  00 00 00 00  00 00 00 00  00 00 00 00 
      Offset 0D0:  00 00 00 00  00 00 00 00  00 00 00 00  00 00 00 00 
      Offset 0E0:  00 00 00 00  00 00 00 00  00 00 00 00  00 00 00 00 
      Offset 0F0:  00 00 00 00  00 00 00 00  00 00 00 00  00 00 00 00 

    BFF D08 F00:  Intel Sandy Bridge-E/EN/EP - QPI Link 0
                  
      Offset 000:  86 80 80 3C  00 00 00 00  07 00 80 08  00 00 80 00 
      Offset 010:  00 00 00 00  00 00 00 00  00 00 00 00  00 00 00 00 
      Offset 020:  00 00 00 00  00 00 00 00  00 00 00 00  58 14 80 3C 
      Offset 030:  00 00 00 00  00 00 00 00  00 00 00 00  00 00 00 00 
      Offset 040:  01 F8 96 08  00 00 00 00  00 00 00 00  00 00 00 00 
      Offset 050:  00 00 00 00  00 00 00 00  00 00 00 00  00 00 00 00 
      Offset 060:  00 00 00 00  64 11 11 11  00 00 00 00  00 00 00 00 
      Offset 070:  01 00 00 00  FF 07 3F 00  00 00 00 00  00 00 00 00 
      Offset 080:  20 02 00 00  00 00 00 00  08 00 00 00  8C 10 00 00 
      Offset 090:  00 00 00 00  CE 41 66 11  00 00 00 00  00 00 00 00 
      Offset 0A0:  00 00 00 00  00 00 00 00  2A D9 68 C7  00 00 00 00 
      Offset 0B0:  00 00 00 00  00 00 00 00  00 00 00 00  00 00 00 00 
      Offset 0C0:  00 00 00 00  00 00 00 00  00 00 00 00  00 00 00 00 
      Offset 0D0:  00 00 00 00  13 00 00 00  00 00 00 00  00 68 42 00 
      Offset 0E0:  00 00 00 00  00 00 00 00  00 00 00 00  00 00 00 00 
      Offset 0F0:  00 00 00 30  00 00 00 00  00 00 00 00  01 00 01 00 

    BFF D08 F03:  Intel Sandy Bridge-E/EN/EP - QPI Link Reut 0
                  
      Offset 000:  86 80 83 3C  00 00 10 00  07 00 80 08  00 00 80 00 
      Offset 010:  00 00 00 00  00 00 00 00  00 00 00 00  00 00 00 00 
      Offset 020:  00 00 00 00  00 00 00 00  00 00 00 00  58 14 83 3C 
      Offset 030:  00 00 00 00  40 00 00 00  00 00 00 00  00 00 00 00 
      Offset 040:  10 00 91 00  00 00 00 00  00 00 00 00  00 00 00 00 
      Offset 050:  00 00 00 00  00 00 00 00  00 00 00 00  00 00 00 00 
      Offset 060:  00 00 00 00  00 00 00 00  00 00 00 00  00 00 00 00 
      Offset 070:  00 00 00 00  00 00 00 00  00 00 00 00  00 00 00 00 
      Offset 080:  00 00 00 00  00 00 00 00  00 00 00 00  00 00 00 00 
      Offset 090:  00 00 00 00  00 00 00 00  00 00 00 00  00 00 00 00 
      Offset 0A0:  00 00 00 00  00 00 00 00  00 00 00 00  00 00 00 00 
      Offset 0B0:  00 00 00 00  00 00 00 00  00 00 00 00  00 00 00 00 
      Offset 0C0:  00 00 00 00  00 00 00 00  00 00 00 00  00 00 00 00 
      Offset 0D0:  00 00 00 00  00 00 00 00  00 00 00 00  00 00 00 00 
      Offset 0E0:  00 00 00 00  00 00 00 00  00 00 00 00  00 00 00 00 
      Offset 0F0:  00 00 00 00  00 00 00 00  00 00 00 00  00 00 00 00 
      Offset 100:  0B 00 00 00  01 00 00 0F  00 00 40 00  73 02 90 00 
      Offset 110:  00 00 00 00  00 00 00 00  00 00 00 00  00 00 00 00 
      Offset 120:  00 00 00 00  00 00 00 00  01 39 C3 F0  00 20 00 00 
      Offset 130:  00 00 00 00  FF FF 0F 80  FF FF 0F 00  00 00 00 00 
      Offset 140:  00 00 00 00  00 00 00 00  01 00 00 00  00 00 00 00 
      Offset 150:  01 00 00 11  02 01 00 00  08 08 88 88  04 08 00 00 
      Offset 160:  00 00 36 00  00 28 32 00  84 00 80 06  02 0F 00 00 
      Offset 170:  77 15 AE 4D  00 00 00 00  00 00 00 00  01 00 00 00 
      Offset 180:  00 00 00 00  00 00 00 00  00 00 00 00  00 00 00 00 
      Offset 190:  12 44 00 00  40 08 08 40  00 00 00 00  10 00 06 00 
      Offset 1A0:  FF 00 00 00  00 00 08 00  00 00 08 71  01 00 0F 00 
      Offset 1B0:  00 00 00 00  00 00 00 00  02 00 00 01  02 00 00 01 
      Offset 1C0:  00 00 00 00  04 00 00 00  04 00 00 00  08 00 CC 00 
      Offset 1D0:  00 00 00 00  00 00 00 00  48 08 40 00  54 00 00 00 
      Offset 1E0:  00 00 00 00  00 00 00 00  00 00 00 00  00 00 00 00 
      Offset 1F0:  00 00 00 00  00 00 00 00  00 00 00 00  00 00 00 00 

    BFF D08 F04:  Intel Sandy Bridge-E/EN/EP - QPI Link Reut 0
                  
      Offset 000:  86 80 84 3C  00 00 10 00  07 00 80 08  00 00 80 00 
      Offset 010:  00 00 00 00  00 00 00 00  00 00 00 00  00 00 00 00 
      Offset 020:  00 00 00 00  00 00 00 00  00 00 00 00  58 14 84 3C 
      Offset 030:  00 00 00 00  40 00 00 00  00 00 00 00  00 00 00 00 
      Offset 040:  10 00 91 00  00 00 00 00  00 00 00 00  00 00 00 00 
      Offset 050:  00 00 00 00  00 00 00 00  00 00 00 00  00 00 00 00 
      Offset 060:  00 00 00 00  00 00 00 00  00 00 00 00  00 00 00 00 
      Offset 070:  00 00 00 00  00 00 00 00  00 00 00 00  00 00 00 00 
      Offset 080:  00 00 00 00  00 00 00 00  00 00 00 00  00 00 00 00 
      Offset 090:  00 00 00 00  00 00 00 00  00 00 00 00  00 00 00 00 
      Offset 0A0:  00 00 00 00  00 00 00 00  00 00 00 00  00 00 00 00 
      Offset 0B0:  00 00 00 00  00 00 00 00  00 00 00 00  00 00 00 00 
      Offset 0C0:  00 00 00 00  00 00 00 00  00 00 00 00  00 00 00 00 
      Offset 0D0:  00 00 00 00  00 00 00 00  00 00 00 00  00 00 00 00 
      Offset 0E0:  00 00 00 00  00 00 00 00  00 00 00 00  00 00 00 00 
      Offset 0F0:  00 00 00 00  00 00 00 00  00 00 00 00  00 00 00 00 

    BFF D09 F00:  Intel Sandy Bridge-E/EN/EP - QPI Link 1
                  
      Offset 000:  86 80 90 3C  00 00 00 00  07 00 80 08  00 00 80 00 
      Offset 010:  00 00 00 00  00 00 00 00  00 00 00 00  00 00 00 00 
      Offset 020:  00 00 00 00  00 00 00 00  00 00 00 00  58 14 90 3C 
      Offset 030:  00 00 00 00  00 00 00 00  00 00 00 00  00 00 00 00 
      Offset 040:  01 F8 96 08  00 00 00 00  00 00 00 00  00 00 00 00 
      Offset 050:  00 00 00 00  00 00 00 00  00 00 00 00  00 00 00 00 
      Offset 060:  00 00 00 00  64 11 11 11  00 00 00 00  00 00 00 00 
      Offset 070:  01 00 00 00  FF 07 3F 00  00 00 00 00  00 00 00 00 
      Offset 080:  20 02 00 00  00 00 00 00  08 00 00 00  81 10 00 00 
      Offset 090:  00 00 00 00  CE 41 66 11  00 00 00 00  00 00 00 00 
      Offset 0A0:  00 00 00 00  00 00 00 00  48 CB 6B C7  00 00 00 00 
      Offset 0B0:  00 00 00 00  00 00 00 00  00 00 00 00  00 00 00 00 
      Offset 0C0:  00 00 00 00  00 00 00 00  00 00 00 00  00 00 00 00 
      Offset 0D0:  00 00 00 00  00 00 00 00  00 00 00 00  00 00 00 00 
      Offset 0E0:  00 00 00 00  00 00 00 00  00 00 00 00  00 00 00 00 
      Offset 0F0:  00 00 00 30  00 00 00 00  00 00 00 00  01 00 01 00 

    BFF D09 F03:  Intel Sandy Bridge-E/EN/EP - QPI Link Reut 1
                  
      Offset 000:  86 80 93 3C  00 00 10 00  07 00 80 08  00 00 80 00 
      Offset 010:  00 00 00 00  00 00 00 00  00 00 00 00  00 00 00 00 
      Offset 020:  00 00 00 00  00 00 00 00  00 00 00 00  58 14 93 3C 
      Offset 030:  00 00 00 00  40 00 00 00  00 00 00 00  00 00 00 00 
      Offset 040:  10 00 91 00  00 00 00 00  00 00 00 00  00 00 00 00 
      Offset 050:  00 00 00 00  00 00 00 00  00 00 00 00  00 00 00 00 
      Offset 060:  00 00 00 00  00 00 00 00  00 00 00 00  00 00 00 00 
      Offset 070:  00 00 00 00  00 00 00 00  00 00 00 00  00 00 00 00 
      Offset 080:  00 00 00 00  00 00 00 00  00 00 00 00  00 00 00 00 
      Offset 090:  00 00 00 00  00 00 00 00  00 00 00 00  00 00 00 00 
      Offset 0A0:  00 00 00 00  00 00 00 00  00 00 00 00  00 00 00 00 
      Offset 0B0:  00 00 00 00  00 00 00 00  00 00 00 00  00 00 00 00 
      Offset 0C0:  00 00 00 00  00 00 00 00  00 00 00 00  00 00 00 00 
      Offset 0D0:  00 00 00 00  00 00 00 00  00 00 00 00  00 00 00 00 
      Offset 0E0:  00 00 00 00  00 00 00 00  00 00 00 00  00 00 00 00 
      Offset 0F0:  00 00 00 00  00 00 00 00  00 00 00 00  00 00 00 00 
      Offset 100:  0B 00 00 00  01 00 00 0F  00 08 40 00  73 02 91 00 
      Offset 110:  00 00 00 00  00 00 00 00  00 00 00 00  00 00 00 00 
      Offset 120:  00 00 00 00  00 00 00 00  01 39 C3 F0  00 20 00 00 
      Offset 130:  00 00 00 00  FF FF 0F 80  FF FF 0F 00  00 00 00 00 
      Offset 140:  00 00 00 00  00 00 00 00  01 00 00 00  00 00 00 00 
      Offset 150:  01 00 00 11  02 01 00 00  08 08 88 88  04 08 00 00 
      Offset 160:  00 20 3D 00  00 28 32 00  84 00 80 06  02 0F 00 00 
      Offset 170:  77 15 AE 4D  00 00 00 00  00 00 00 00  01 00 00 00 
      Offset 180:  00 00 00 00  00 00 00 00  00 00 00 00  00 00 00 00 
      Offset 190:  12 44 00 00  40 08 08 40  00 00 00 00  10 00 06 00 
      Offset 1A0:  FF 00 00 00  00 00 08 00  00 00 08 71  01 00 0F 00 
      Offset 1B0:  00 00 00 00  00 00 00 00  02 00 00 01  02 00 00 01 
      Offset 1C0:  00 00 00 00  04 00 00 00  04 00 00 00  08 00 CC 00 
      Offset 1D0:  00 00 00 00  00 00 00 00  48 08 40 00  54 00 00 00 
      Offset 1E0:  00 00 00 00  00 00 00 00  00 00 00 00  00 00 00 00 
      Offset 1F0:  00 00 00 00  00 00 00 00  00 00 00 00  00 00 00 00 

    BFF D09 F04:  Intel Sandy Bridge-E/EN/EP - QPI Link Reut 1
                  
      Offset 000:  86 80 94 3C  00 00 10 00  07 00 80 08  00 00 80 00 
      Offset 010:  00 00 00 00  00 00 00 00  00 00 00 00  00 00 00 00 
      Offset 020:  00 00 00 00  00 00 00 00  00 00 00 00  58 14 94 3C 
      Offset 030:  00 00 00 00  40 00 00 00  00 00 00 00  00 00 00 00 
      Offset 040:  10 00 91 00  00 00 00 00  00 00 00 00  00 00 00 00 
      Offset 050:  00 00 00 00  00 00 00 00  00 00 00 00  00 00 00 00 
      Offset 060:  00 00 00 00  00 00 00 00  00 00 00 00  00 00 00 00 
      Offset 070:  00 00 00 00  00 00 00 00  00 00 00 00  00 00 00 00 
      Offset 080:  00 00 00 00  00 00 00 00  00 00 00 00  00 00 00 00 
      Offset 090:  00 00 00 00  00 00 00 00  00 00 00 00  00 00 00 00 
      Offset 0A0:  00 00 00 00  00 00 00 00  00 00 00 00  00 00 00 00 
      Offset 0B0:  00 00 00 00  00 00 00 00  00 00 00 00  00 00 00 00 
      Offset 0C0:  00 00 00 00  00 00 00 00  00 00 00 00  00 00 00 00 
      Offset 0D0:  00 00 00 00  00 00 00 00  00 00 00 00  00 00 00 00 
      Offset 0E0:  00 00 00 00  00 00 00 00  00 00 00 00  00 00 00 00 
      Offset 0F0:  00 00 00 00  00 00 00 00  00 00 00 00  00 00 00 00 

    BFF D0A F00:  Intel Sandy Bridge-E/EN/EP - Power Control Unit 0
                  
      Offset 000:  86 80 C0 3C  00 00 00 00  07 00 80 08  00 00 80 00 
      Offset 010:  00 00 00 00  00 00 00 00  00 00 00 00  00 00 00 00 
      Offset 020:  00 00 00 00  00 00 00 00  00 00 00 00  58 14 C0 3C 
      Offset 030:  00 00 00 00  00 00 00 00  00 00 00 00  00 00 00 00 
      Offset 040:  00 00 00 00  00 00 00 00  00 00 00 00  27 43 05 14 
      Offset 050:  00 00 00 00  00 00 00 00  00 00 00 00  00 00 00 00 
      Offset 060:  00 00 00 00  00 00 00 00  00 00 00 00  00 00 00 00 
      Offset 070:  00 00 00 00  00 00 00 00  00 00 00 00  40 EC 0B 8D 
      Offset 080:  00 00 00 00  10 04 40 01  00 00 00 00  03 10 0A 00 
      Offset 090:  AD B1 B0 ED  00 00 00 00  00 00 00 00  00 00 00 00 
      Offset 0A0:  00 00 00 00  00 00 08 00  00 24 01 70  00 0C 00 00 
      Offset 0B0:  00 00 00 00  52 1E 3E BF  F2 80 D1 49  88 D3 6D 68 
      Offset 0C0:  00 00 00 00  00 00 00 00  2D 00 00 00  2D 00 00 00 
      Offset 0D0:  00 00 00 00  F8 67 2E 3C  FF 00 00 00  00 00 00 00 
      Offset 0E0:  00 00 00 00  00 12 64 00  80 EA 5A 00  CD FF 06 80 
      Offset 0F0:  00 00 00 80  00 00 00 00  40 1F 00 00  94 14 14 18 

    BFF D0A F01:  Intel Sandy Bridge-E/EN/EP - Power Control Unit 1
                  
      Offset 000:  86 80 C1 3C  00 00 00 00  07 00 80 08  00 00 80 00 
      Offset 010:  00 00 00 00  00 00 00 00  00 00 00 00  00 00 00 00 
      Offset 020:  00 00 00 00  00 00 00 00  00 00 00 00  58 14 C1 3C 
      Offset 030:  00 00 00 00  00 00 00 00  00 00 00 00  00 00 00 00 
      Offset 040:  00 00 00 00  00 00 00 00  00 00 00 00  00 00 00 00 
      Offset 050:  00 00 00 00  00 00 00 00  00 00 00 00  00 00 00 00 
      Offset 060:  00 00 00 00  00 00 00 00  00 00 00 00  00 00 00 00 
      Offset 070:  00 00 00 00  10 00 00 00  00 00 00 00  00 00 00 00 
      Offset 080:  00 00 00 00  00 00 00 00  00 00 00 00  FF 00 00 00 
      Offset 090:  00 00 00 00  1E 1E 00 00  0A 00 00 00  00 00 00 00 
      Offset 0A0:  00 00 00 00  00 00 00 80  00 00 00 00  00 00 FF FF 
      Offset 0B0:  0E 31 00 94  00 00 00 00  1A 00 00 00  00 00 00 00 
      Offset 0C0:  10 00 FA 00  00 B1 1D 80  A8 2F 40 06  00 00 00 00 
      Offset 0D0:  00 00 00 00  7E 78 00 00  00 00 00 00  00 00 00 00 
      Offset 0E0:  00 00 00 00  00 00 00 00  00 00 00 00  00 00 00 00 
      Offset 0F0:  00 00 00 00  00 00 00 00  00 00 00 00  00 00 00 00 

    BFF D0A F02:  Intel Sandy Bridge-E/EN/EP - Power Control Unit 2
                  
      Offset 000:  86 80 C2 3C  00 00 00 00  07 00 80 08  00 00 80 00 
      Offset 010:  00 00 00 00  00 00 00 00  00 00 00 00  00 00 00 00 
      Offset 020:  00 00 00 00  00 00 00 00  00 00 00 00  58 14 C2 3C 
      Offset 030:  00 00 00 00  00 00 00 00  00 00 00 00  00 00 00 00 
      Offset 040:  00 FF 00 80  00 00 00 00  00 00 00 00  00 00 00 00 
      Offset 050:  A8 2F 00 00  00 00 00 00  00 00 00 00  00 00 00 00 
      Offset 060:  00 00 00 00  00 04 00 00  00 00 00 00  04 00 00 00 
      Offset 070:  00 00 00 10  00 00 00 00  00 00 00 00  00 00 00 00 
      Offset 080:  00 00 00 00  00 00 00 00  00 00 00 00  00 00 00 00 
      Offset 090:  18 01 78 00  58 02 2F 00  00 00 00 00  00 00 00 00 
      Offset 0A0:  00 00 00 00  00 00 00 00  00 00 00 00  00 00 00 00 
      Offset 0B0:  00 00 00 00  00 00 00 00  00 00 00 00  00 00 00 00 
      Offset 0C0:  00 00 00 00  00 00 00 00  00 00 00 80  00 00 00 00 
      Offset 0D0:  00 00 00 00  00 00 00 00  00 00 00 00  00 00 00 00 
      Offset 0E0:  00 00 00 00  83 E4 01 7D  A4 86 90 12  00 00 00 00 
      Offset 0F0:  50 14 00 04  50 14 00 04  00 00 00 00  FF FF FF FF 

    BFF D0A F03:  Intel Sandy Bridge-E/EN/EP - Power Control Unit 3
                  
      Offset 000:  86 80 D0 3C  00 00 00 00  07 00 80 08  00 00 80 00 
      Offset 010:  00 00 00 00  00 00 00 00  00 00 00 00  00 00 00 00 
      Offset 020:  00 00 00 00  00 00 00 00  00 00 00 00  58 14 D0 3C 
      Offset 030:  00 00 00 00  80 00 00 00  00 00 00 00  00 00 00 00 
      Offset 040:  C0 00 00 00  C0 00 02 00  C0 4B 02 00  C0 40 02 00 
      Offset 050:  C0 44 02 00  40 07 02 00  60 07 02 00  40 85 02 00 
      Offset 060:  00 00 00 00  00 00 00 00  00 00 00 00  00 00 00 00 
      Offset 070:  00 00 00 00  00 00 00 00  00 00 00 00  00 00 00 00 
      Offset 080:  09 00 18 01  85 61 04 08  81 02 00 A0  00 00 BC 01 
      Offset 090:  80 2E B7 11  FF 00 00 10  00 00 00 00  00 00 00 00 
      Offset 0A0:  00 00 0C 00  00 00 00 00  00 00 00 00  00 00 00 00 
      Offset 0B0:  0F 03 0F 01  00 00 00 00  00 00 00 00  00 00 00 00 
      Offset 0C0:  00 00 00 00  00 00 00 00  00 00 00 00  00 00 00 00 
      Offset 0D0:  00 00 00 00  00 00 00 00  00 00 00 00  00 00 00 00 
      Offset 0E0:  00 00 00 00  00 00 00 00  00 00 00 00  00 00 00 00 
      Offset 0F0:  00 00 00 00  FF 43 00 00  E0 01 04 00  00 00 00 00 

    BFF D0B F00:  Intel Sandy Bridge-E/EN/EP - UBox - Interrupt Control Registers
                  
      Offset 000:  86 80 E0 3C  00 00 00 00  07 00 80 08  00 00 80 00 
      Offset 010:  00 00 00 00  00 00 00 00  00 00 00 00  00 00 00 00 
      Offset 020:  00 00 00 00  00 00 00 00  00 00 00 00  58 14 E0 3C 
      Offset 030:  00 00 00 00  00 00 00 00  00 00 00 00  00 00 00 00 
      Offset 040:  00 00 00 00  01 00 00 80  01 00 00 00  00 00 00 00 
      Offset 050:  02 00 00 00  00 00 00 00  00 00 00 00  00 00 00 00 
      Offset 060:  00 00 00 00  00 00 00 00  00 00 00 00  00 00 00 00 
      Offset 070:  00 00 00 00  00 00 00 00  00 00 00 00  00 00 00 00 
      Offset 080:  00 00 00 00  00 00 00 00  00 00 00 00  00 00 00 00 
      Offset 090:  00 00 00 00  00 00 00 00  00 00 00 00  00 00 00 00 
      Offset 0A0:  00 00 00 00  00 00 00 00  00 00 00 00  00 00 00 00 
      Offset 0B0:  00 00 00 00  00 00 00 00  00 00 00 00  00 00 00 00 
      Offset 0C0:  00 00 00 00  00 00 00 00  00 00 00 00  00 00 00 00 
      Offset 0D0:  00 00 00 00  00 00 00 00  00 00 00 00  00 00 00 00 
      Offset 0E0:  00 00 00 00  00 00 00 00  00 00 00 00  00 00 00 00 
      Offset 0F0:  00 00 00 00  00 00 00 00  00 00 00 00  00 00 00 00 

    BFF D0B F03:  Intel Sandy Bridge-E/EN/EP - UBox - Scratchpad and Semaphores
                  
      Offset 000:  86 80 E3 3C  00 00 00 00  07 00 80 08  00 00 80 00 
      Offset 010:  00 00 00 00  00 00 00 00  00 00 00 00  00 00 00 00 
      Offset 020:  00 00 00 00  00 00 00 00  00 00 00 00  58 14 E3 3C 
      Offset 030:  00 00 00 00  00 00 00 00  00 00 00 00  00 00 00 00 
      Offset 040:  82 00 00 00  11 00 00 00  01 00 00 00  07 00 00 34 
      Offset 050:  01 84 8C 04  00 00 00 00  00 00 00 00  20 00 00 00 
      Offset 060:  30 02 00 00  00 00 00 00  01 00 00 00  00 00 00 00 
      Offset 070:  00 00 00 00  00 00 00 00  00 00 00 00  00 00 00 BF 
      Offset 080:  00 00 00 00  00 00 00 00  00 00 00 00  00 00 00 00 
      Offset 090:  00 00 00 02  00 00 00 00  00 00 00 00  00 00 00 00 
      Offset 0A0:  00 00 00 00  00 00 00 00  00 00 00 00  00 00 00 00 
      Offset 0B0:  D0 00 00 00  DE 00 02 00  DC 4B 02 00  DC 40 02 00 
      Offset 0C0:  D0 44 02 00  50 07 02 00  70 07 02 00  50 85 02 00 
      Offset 0D0:  00 FF 00 80  00 00 00 00  00 00 00 00  00 00 00 00 
      Offset 0E0:  FF FF FF FF  FF FF FF FF  00 00 00 00  00 00 00 00 
      Offset 0F0:  00 00 00 00  00 00 00 00  00 00 00 00  00 00 00 00 

    BFF D0C F00:  Intel Sandy Bridge-E/EN/EP - Caching Agent (CBo) - Unicast Registers
                  
      Offset 000:  86 80 E8 3C  00 00 00 00  07 00 80 08  00 00 80 00 
      Offset 010:  00 00 00 00  00 00 00 00  00 00 00 00  00 00 00 00 
      Offset 020:  00 00 00 00  00 00 00 00  00 00 00 00  58 14 E8 3C 
      Offset 030:  00 00 00 00  00 00 00 00  00 00 00 00  00 00 00 00 
      Offset 040:  00 02 00 00  00 00 00 00  00 02 00 00  00 00 00 00 
      Offset 050:  00 00 00 00  49 22 00 80  00 00 00 00  00 00 00 00 
      Offset 060:  00 00 00 00  00 00 00 00  00 00 00 00  00 00 00 00 
      Offset 070:  00 00 00 00  00 00 00 00  00 00 00 00  00 00 00 00 
      Offset 080:  40 00 00 00  00 00 00 00  FF FF 00 00  01 00 00 00 
      Offset 090:  00 00 00 00  3A 07 00 00  03 00 C5 EB  2B 00 48 FE 
      Offset 0A0:  07 00 00 00  00 00 00 00  0F 00 00 00  00 00 00 00 
      Offset 0B0:  25 18 00 00  00 00 00 00  00 00 00 00  00 00 00 00 
      Offset 0C0:  07 00 00 00  00 00 00 00  0F 00 00 00  00 00 00 00 
      Offset 0D0:  25 18 00 00  00 00 00 00  00 00 00 00  00 00 00 00 
      Offset 0E0:  00 00 00 00  00 00 00 00  00 00 00 00  00 00 00 00 
      Offset 0F0:  00 00 00 00  00 00 00 00  00 00 00 00  00 00 00 00 

    BFF D0C F01:  Intel Sandy Bridge-E/EN/EP - Caching Agent (CBo) - Unicast Registers
                  
      Offset 000:  86 80 E8 3C  00 00 00 00  07 00 80 08  00 00 80 00 
      Offset 010:  00 00 00 00  00 00 00 00  00 00 00 00  00 00 00 00 
      Offset 020:  00 00 00 00  00 00 00 00  00 00 00 00  58 14 E8 3C 
      Offset 030:  00 00 00 00  00 00 00 00  00 00 00 00  00 00 00 00 
      Offset 040:  00 02 00 00  00 00 00 00  00 02 00 00  00 00 00 00 
      Offset 050:  00 00 00 00  49 22 00 80  00 00 00 00  00 00 00 00 
      Offset 060:  00 00 00 00  00 00 00 00  00 00 00 00  00 00 00 00 
      Offset 070:  00 00 00 00  00 00 00 00  00 00 00 00  00 00 00 00 
      Offset 080:  40 00 00 00  00 00 00 00  FF FF 00 00  01 00 00 00 
      Offset 090:  00 00 00 00  3A 07 00 00  03 00 01 24  2B 00 48 FE 
      Offset 0A0:  27 00 00 00  00 00 00 00  2F 00 00 00  00 00 00 00 
      Offset 0B0:  25 18 00 00  00 00 00 00  00 00 00 00  00 00 00 00 
      Offset 0C0:  27 00 00 00  00 00 00 00  2F 00 00 00  00 00 00 00 
      Offset 0D0:  25 18 00 00  00 00 00 00  00 00 00 00  00 00 00 00 
      Offset 0E0:  00 00 00 00  00 00 00 00  00 00 00 00  00 00 00 00 
      Offset 0F0:  00 00 00 00  00 00 00 00  00 00 00 00  00 00 00 00 

    BFF D0C F06:  Intel Sandy Bridge-E/EN/EP - Caching Agent (CBo) - System Address Decoder IMC0
                  
      Offset 000:  86 80 F4 3C  00 00 00 00  07 00 80 08  00 00 80 00 
      Offset 010:  00 00 00 00  00 00 00 00  00 00 00 00  00 00 00 00 
      Offset 020:  00 00 00 00  00 00 00 00  00 00 00 00  58 14 E8 3C 
      Offset 030:  00 00 00 00  00 00 00 00  00 00 00 00  00 00 00 00 
      Offset 040:  10 11 11 00  00 11 11 00  00 00 00 00  3A 00 00 00 
      Offset 050:  00 00 00 00  00 00 00 00  00 00 00 00  00 00 00 00 
      Offset 060:  00 00 00 00  00 00 00 00  00 00 00 00  00 00 00 00 
      Offset 070:  00 00 00 BE  00 00 00 00  00 0C F8 BF  00 00 00 00 
      Offset 080:  C3 63 00 00  00 00 00 00  C2 63 00 00  00 00 00 00 
      Offset 090:  C2 63 00 00  00 00 00 00  C2 63 00 00  00 00 00 00 
      Offset 0A0:  C2 63 00 00  00 00 00 00  C2 63 00 00  00 00 00 00 
      Offset 0B0:  C2 63 00 00  00 00 00 00  C2 63 00 00  00 00 00 00 
      Offset 0C0:  C2 63 00 00  00 00 00 00  C2 63 00 00  00 00 00 00 
      Offset 0D0:  00 00 00 00  00 00 00 00  00 00 00 00  00 00 00 00 
      Offset 0E0:  00 00 00 00  00 00 00 00  00 00 00 00  00 00 00 00 
      Offset 0F0:  00 00 00 00  00 00 00 00  00 00 00 00  00 00 00 00 

    BFF D0C F07:  Intel Sandy Bridge-E/EN/EP - Caching Agent (CBo) - System Address Decoder IMC1
                  
      Offset 000:  86 80 F6 3C  00 00 00 00  07 00 80 08  00 00 80 00 
      Offset 010:  00 00 00 00  00 00 00 00  00 00 00 00  00 00 00 00 
      Offset 020:  00 00 00 00  00 00 00 00  00 00 00 00  58 14 E8 3C 
      Offset 030:  00 00 00 00  00 00 00 00  00 00 00 00  00 00 00 00 
      Offset 040:  00 00 00 00  01 00 00 00  00 00 00 00  00 00 00 00 
      Offset 050:  01 A5 0F 00  00 00 00 00  00 00 00 00  00 00 00 00 
      Offset 060:  00 00 00 00  00 00 00 00  00 00 00 00  00 00 00 00 
      Offset 070:  00 00 00 00  00 00 00 00  00 00 00 00  00 00 00 00 
      Offset 080:  0C 00 00 00  20 03 00 00  00 00 00 00  00 00 00 00 
      Offset 090:  00 00 00 00  00 00 00 00  00 00 00 00  00 00 00 00 
      Offset 0A0:  00 00 00 00  00 00 00 00  00 00 00 00  00 00 00 00 
      Offset 0B0:  00 00 00 00  00 00 00 00  00 00 00 00  00 00 00 00 
      Offset 0C0:  00 00 00 00  00 00 00 00  00 00 00 00  00 00 00 00 
      Offset 0D0:  00 00 00 00  00 00 00 00  00 00 00 00  00 00 00 00 
      Offset 0E0:  00 00 00 00  00 00 00 00  00 00 00 00  00 00 00 00 
      Offset 0F0:  00 00 00 00  00 00 00 00  00 00 00 00  00 00 00 00 

    BFF D0D F00:  Intel Sandy Bridge-E/EN/EP - Caching Agent (CBo) - Unicast Registers
                  
      Offset 000:  86 80 E8 3C  00 00 00 00  07 00 80 08  00 00 80 00 
      Offset 010:  00 00 00 00  00 00 00 00  00 00 00 00  00 00 00 00 
      Offset 020:  00 00 00 00  00 00 00 00  00 00 00 00  58 14 E8 3C 
      Offset 030:  00 00 00 00  00 00 00 00  00 00 00 00  00 00 00 00 
      Offset 040:  00 02 00 00  00 00 00 00  00 02 00 00  00 00 00 00 
      Offset 050:  00 00 00 00  49 22 00 80  00 00 00 00  00 00 00 00 
      Offset 060:  00 00 00 00  00 00 00 00  00 00 00 00  00 00 00 00 
      Offset 070:  00 00 00 00  00 00 00 00  00 00 00 00  00 00 00 00 
      Offset 080:  40 00 00 00  00 00 00 00  FF FF 00 00  01 00 00 00 
      Offset 090:  00 00 00 00  3A 07 00 00  03 00 EF 25  2B 00 48 FE 
      Offset 0A0:  17 00 00 00  00 00 00 00  1F 00 00 00  00 00 00 00 
      Offset 0B0:  25 18 00 00  00 00 00 00  00 00 00 00  00 00 00 00 
      Offset 0C0:  17 00 00 00  00 00 00 00  1F 00 00 00  00 00 00 00 
      Offset 0D0:  25 18 00 00  00 00 00 00  00 00 00 00  00 00 00 00 
      Offset 0E0:  00 00 00 00  00 00 00 00  00 00 00 00  00 00 00 00 
      Offset 0F0:  00 00 00 00  00 00 00 00  00 00 00 00  00 00 00 00 

    BFF D0D F01:  Intel Sandy Bridge-E/EN/EP - Caching Agent (CBo) - Unicast Registers
                  
      Offset 000:  86 80 E8 3C  00 00 00 00  07 00 80 08  00 00 80 00 
      Offset 010:  00 00 00 00  00 00 00 00  00 00 00 00  00 00 00 00 
      Offset 020:  00 00 00 00  00 00 00 00  00 00 00 00  58 14 E8 3C 
      Offset 030:  00 00 00 00  00 00 00 00  00 00 00 00  00 00 00 00 
      Offset 040:  00 02 00 00  00 00 00 00  00 02 00 00  00 00 00 00 
      Offset 050:  00 00 00 00  49 22 00 80  00 00 00 00  00 00 00 00 
      Offset 060:  00 00 00 00  00 00 00 00  00 00 00 00  00 00 00 00 
      Offset 070:  00 00 00 00  00 00 00 00  00 00 00 00  00 00 00 00 
      Offset 080:  40 00 00 00  00 00 00 00  FF FF 00 00  01 00 00 00 
      Offset 090:  00 00 00 00  3A 07 00 00  03 00 D9 3C  2B 00 48 FE 
      Offset 0A0:  37 00 00 00  00 00 00 00  00 02 00 00  00 00 00 00 
      Offset 0B0:  25 18 00 00  00 00 00 00  00 00 00 00  00 00 00 00 
      Offset 0C0:  37 00 00 00  00 00 00 00  00 02 00 00  00 00 00 00 
      Offset 0D0:  25 18 00 00  00 00 00 00  00 00 00 00  00 00 00 00 
      Offset 0E0:  00 00 00 00  00 00 00 00  00 00 00 00  00 00 00 00 
      Offset 0F0:  00 00 00 00  00 00 00 00  00 00 00 00  00 00 00 00 

    BFF D0D F06:  Intel Sandy Bridge-E/EN/EP - Caching Agent (CBo) - Broadcast Registers
                  
      Offset 000:  86 80 F5 3C  00 00 00 00  07 00 80 08  00 00 80 00 
      Offset 010:  00 00 00 00  00 00 00 00  00 00 00 00  00 00 00 00 
      Offset 020:  00 00 00 00  00 00 00 00  00 00 00 00  58 14 E8 3C 
      Offset 030:  00 00 00 00  00 00 00 00  00 00 00 00  00 00 00 00 
      Offset 040:  00 00 00 00  00 00 00 00  00 00 00 00  00 00 00 00 
      Offset 050:  00 00 00 00  00 00 00 00  00 00 00 00  00 00 00 00 
      Offset 060:  00 00 00 00  00 00 00 00  00 00 00 00  00 00 00 00 
      Offset 070:  00 00 00 00  00 00 00 00  00 00 00 00  00 00 00 00 
      Offset 080:  67 00 00 F8  00 00 00 00  00 00 00 00  00 00 00 00 
      Offset 090:  00 00 00 00  00 00 00 00  7F 00 00 FC  00 00 00 00 
      Offset 0A0:  01 00 1C 7C  00 38 00 00  00 00 00 00  00 00 00 00 
      Offset 0B0:  00 00 00 00  00 00 00 00  00 00 00 00  00 00 00 00 
      Offset 0C0:  01 00 00 D0  00 00 00 00  00 00 00 00  00 00 00 00 
      Offset 0D0:  00 00 00 00  00 00 00 00  00 00 00 00  00 00 00 00 
      Offset 0E0:  00 00 00 00  00 00 00 00  00 00 00 00  00 00 00 00 
      Offset 0F0:  00 10 00 00  00 00 00 00  00 00 00 00  00 00 00 00 

    BFF D0E F00:  Intel Sandy Bridge-E/EN/EP - Home Agent - Target Address Configuration Registers
                  
      Offset 000:  86 80 A0 3C  00 00 00 00  07 00 80 08  00 00 80 00 
      Offset 010:  00 00 00 00  00 00 00 00  00 00 00 00  00 00 00 00 
      Offset 020:  00 00 00 00  00 00 00 00  00 00 00 00  58 14 A0 3C 
      Offset 030:  00 00 00 00  00 00 00 00  00 00 00 00  00 00 00 00 
      Offset 040:  38 F2 02 00  38 F2 18 00  00 F0 18 00  00 F0 18 00 
      Offset 050:  00 F0 18 00  00 F0 18 00  00 F0 18 00  00 F0 18 00 
      Offset 060:  00 F0 18 00  00 F0 18 00  00 F0 18 00  00 F0 18 00 
      Offset 070:  00 00 02 00  80 88 08 00  11 43 88 44  00 00 00 00 
      Offset 080:  02 80 20 01  98 0D 00 00  00 00 00 00  00 00 00 00 
      Offset 090:  00 00 00 01  00 00 00 00  08 00 00 00  00 00 00 00 
      Offset 0A0:  00 00 00 00  00 00 00 00  00 00 00 00  00 00 00 00 
      Offset 0B0:  00 00 00 00  00 00 00 00  00 00 00 00  00 00 00 00 
      Offset 0C0:  00 00 00 00  00 00 00 00  00 00 00 00  00 00 00 00 
      Offset 0D0:  00 00 00 00  00 00 00 00  00 00 00 00  00 00 00 00 
      Offset 0E0:  00 00 00 00  00 00 00 00  00 00 00 00  00 00 00 00 
      Offset 0F0:  00 00 00 00  00 00 00 00  00 00 00 00  00 00 00 00 

    BFF D0E F01:  Intel Sandy Bridge-E/EN/EP - Home Agent - PCIe Ring Performance Monitor
                  
      Offset 000:  86 80 46 3C  00 00 00 00  07 00 01 11  00 00 80 00 
      Offset 010:  00 00 00 00  00 00 00 00  00 00 00 00  00 00 00 00 
      Offset 020:  00 00 00 00  00 00 00 00  00 00 00 00  58 14 46 3C 
      Offset 030:  00 00 00 00  00 00 00 00  00 00 00 00  00 00 00 00 
      Offset 040:  00 00 00 00  00 00 00 00  00 00 00 00  00 00 00 00 
      Offset 050:  00 00 00 00  00 00 00 00  00 00 00 00  00 00 00 00 
      Offset 060:  00 00 00 00  00 00 00 00  00 00 00 00  00 00 00 00 
      Offset 070:  00 00 00 00  00 00 00 00  00 00 00 00  00 00 00 00 
      Offset 080:  00 00 00 00  00 00 00 00  00 00 00 00  00 00 00 00 
      Offset 090:  00 00 00 00  00 00 00 00  00 00 00 00  00 00 00 00 
      Offset 0A0:  00 00 00 00  00 00 00 00  00 00 00 00  00 00 00 00 
      Offset 0B0:  00 00 00 00  00 00 00 00  00 00 00 00  00 00 00 00 
      Offset 0C0:  00 00 00 00  00 00 00 00  00 00 00 00  00 00 00 00 
      Offset 0D0:  00 00 00 00  00 00 00 00  00 00 00 00  00 00 00 00 
      Offset 0E0:  00 00 00 00  00 00 00 00  00 00 00 00  00 00 00 00 
      Offset 0F0:  00 00 00 00  00 00 00 00  00 00 00 00  00 00 00 00 

    BFF D0F F00:  Intel Sandy Bridge-E/EN/EP - IMC - Target Address / Thermal Registers
                  
      Offset 000:  86 80 A8 3C  00 00 10 00  07 00 80 08  00 00 80 00 
      Offset 010:  00 00 00 00  00 00 00 00  00 00 00 00  00 00 00 00 
      Offset 020:  00 00 00 00  00 00 00 00  00 00 00 00  58 14 A8 3C 
      Offset 030:  00 00 00 00  40 00 00 00  00 00 00 00  00 00 00 00 
      Offset 040:  10 00 91 00  00 00 00 00  00 00 00 00  00 00 00 00 
      Offset 050:  00 00 00 00  00 00 00 00  00 00 00 00  00 00 00 00 
      Offset 060:  00 00 00 00  00 00 00 00  00 00 00 00  00 00 00 00 
      Offset 070:  00 00 00 00  00 00 00 00  00 00 00 00  00 01 00 00 
      Offset 080:  38 F2 02 00  38 F2 18 00  00 F0 18 00  00 F0 18 00 
      Offset 090:  00 F0 18 00  00 F0 18 00  00 F0 18 00  00 F0 18 00 
      Offset 0A0:  00 F0 18 00  00 F0 18 00  00 F0 18 00  00 F0 18 00 
      Offset 0B0:  00 00 00 00  8E 01 00 00  00 00 00 00  00 00 00 00 
      Offset 0C0:  4C 04 01 00  00 00 00 00  80 2E B7 01  00 00 00 00 
      Offset 0D0:  00 00 00 00  00 00 00 00  00 00 00 00  00 00 00 00 
      Offset 0E0:  00 00 00 00  00 00 00 00  00 00 00 00  00 00 00 00 
      Offset 0F0:  00 00 00 00  00 00 00 00  00 00 00 00  00 00 00 00 
      Offset 100:  00 00 00 00  1F 60 00 00  00 E8 13 00  4D 41 C8 00 
      Offset 110:  00 00 00 00  00 00 00 00  00 00 00 00  98 00 BA 00 
      Offset 120:  00 00 00 00  00 00 00 00  00 00 00 00  00 00 00 00 
      Offset 130:  00 00 00 00  00 00 00 00  00 00 00 00  00 00 00 00 
      Offset 140:  00 00 00 00  00 00 00 00  00 00 00 00  00 00 00 00 
      Offset 150:  00 00 00 00  00 00 00 00  00 00 00 00  00 00 00 00 
      Offset 160:  00 00 00 00  00 00 00 00  00 00 00 00  00 00 00 00 
      Offset 170:  00 00 00 00  00 00 00 00  00 00 00 00  00 00 00 00 
      Offset 180:  5F 5A 00 E0  00 00 00 22  00 00 00 38  9C F7 03 00 
      Offset 190:  FF 5A 00 E0  00 00 00 26  00 00 00 38  9C F7 03 00 
      Offset 1A0:  0E 1A 5C 44  00 00 00 00  A0 F7 03 00  00 00 00 00 
      Offset 1B0:  00 00 00 00  00 00 00 00  00 00 00 00  00 00 00 00 
      Offset 1C0:  00 00 00 00  00 00 00 00  00 00 00 00  00 00 00 00 
      Offset 1D0:  00 00 00 00  00 00 00 00  00 00 00 00  00 00 00 00 
      Offset 1E0:  00 00 00 00  00 00 00 00  00 00 00 00  00 00 00 00 
      Offset 1F0:  00 00 00 00  00 00 00 00  00 00 00 00  00 00 00 00 

    BFF D0F F01:  Intel Sandy Bridge-E/EN/EP - IMC - RAS Registers
                  
      Offset 000:  86 80 71 3C  00 00 10 00  07 00 80 08  00 00 80 00 
      Offset 010:  00 00 00 00  00 00 00 00  00 00 00 00  00 00 00 00 
      Offset 020:  00 00 00 00  00 00 00 00  00 00 00 00  58 14 71 3C 
      Offset 030:  00 00 00 00  40 00 00 00  00 00 00 00  00 00 00 00 
      Offset 040:  10 00 91 00  00 00 00 00  00 00 00 00  00 00 00 00 
      Offset 050:  00 00 00 00  00 00 00 00  00 00 00 00  00 00 00 00 
      Offset 060:  00 00 00 00  00 00 00 00  00 00 00 00  00 00 00 00 
      Offset 070:  00 00 00 00  00 00 00 00  00 00 00 00  00 00 00 00 
      Offset 080:  00 00 00 00  00 00 00 00  00 00 00 00  00 00 00 00 
      Offset 090:  00 00 00 00  00 00 00 00  00 00 00 00  00 00 00 00 
      Offset 0A0:  00 00 00 00  00 00 00 00  80 0C 20 03  00 00 00 00 
      Offset 0B0:  00 00 00 00  00 00 00 00  68 0A 00 00  00 00 00 00 
      Offset 0C0:  BD 17 CF 71  00 00 00 00  00 00 00 00  00 00 00 00 
      Offset 0D0:  12 6D 01 20  00 01 00 00  00 00 00 00  00 00 00 00 
      Offset 0E0:  00 00 00 00  00 00 00 00  00 00 00 00  00 00 00 00 
      Offset 0F0:  00 00 00 00  00 00 00 00  00 00 00 00  00 00 00 00 

    BFF D0F F02:  Intel Sandy Bridge-E/EN/EP - IMC - Channel0 Target Address Decoder, Rank, Timing
                  
      Offset 000:  86 80 AA 3C  00 00 10 00  07 00 80 08  00 00 80 00 
      Offset 010:  00 00 00 00  00 00 00 00  00 00 00 00  00 00 00 00 
      Offset 020:  00 00 00 00  00 00 00 00  00 00 00 00  58 14 AA 3C 
      Offset 030:  00 00 00 00  40 00 00 00  00 00 00 00  00 00 00 00 
      Offset 040:  10 00 91 00  00 00 00 00  00 00 00 00  00 00 00 00 
      Offset 050:  00 00 00 00  00 00 00 00  00 00 00 00  00 00 00 00 
      Offset 060:  00 00 00 00  00 00 00 00  00 00 00 00  00 00 00 00 
      Offset 070:  00 00 00 00  00 00 00 00  00 00 00 00  00 00 00 00 
      Offset 080:  10 50 0C 00  00 00 0F 00  00 00 0F 00  00 00 00 00 
      Offset 090:  00 00 00 00  00 04 00 10  00 00 00 00  00 00 00 00 
      Offset 0A0:  00 00 00 00  00 00 00 00  00 00 00 00  00 00 00 00 
      Offset 0B0:  00 00 00 00  00 00 00 00  00 00 00 00  00 00 00 00 
      Offset 0C0:  00 00 00 00  00 00 00 00  00 00 00 00  00 00 00 00 
      Offset 0D0:  00 00 00 00  00 00 00 00  00 00 00 00  00 00 00 00 
      Offset 0E0:  00 00 00 00  00 00 00 00  00 00 00 00  00 00 00 00 
      Offset 0F0:  00 00 00 00  00 00 00 00  00 00 00 00  00 00 00 00 

    BFF D0F F03:  Intel Sandy Bridge-E/EN/EP - IMC - Channel1 Target Address Decoder, Rank, Timing
                  
      Offset 000:  86 80 AB 3C  00 00 10 00  07 00 80 08  00 00 80 00 
      Offset 010:  00 00 00 00  00 00 00 00  00 00 00 00  00 00 00 00 
      Offset 020:  00 00 00 00  00 00 00 00  00 00 00 00  58 14 AB 3C 
      Offset 030:  00 00 00 00  40 00 00 00  00 00 00 00  00 00 00 00 
      Offset 040:  10 00 91 00  00 00 00 00  00 00 00 00  00 00 00 00 
      Offset 050:  00 00 00 00  00 00 00 00  00 00 00 00  00 00 00 00 
      Offset 060:  00 00 00 00  00 00 00 00  00 00 00 00  00 00 00 00 
      Offset 070:  00 00 00 00  00 00 00 00  00 00 00 00  00 00 00 00 
      Offset 080:  00 00 0F 00  00 00 0F 00  00 00 0F 00  00 00 00 00 
      Offset 090:  00 00 00 00  00 00 00 00  00 00 00 00  00 00 00 00 
      Offset 0A0:  00 00 00 00  00 00 00 00  00 00 00 00  00 00 00 00 
      Offset 0B0:  00 00 00 00  00 00 00 00  00 00 00 00  00 00 00 00 
      Offset 0C0:  00 00 00 00  00 00 00 00  00 00 00 00  00 00 00 00 
      Offset 0D0:  00 00 00 00  00 00 00 00  00 00 00 00  00 00 00 00 
      Offset 0E0:  00 00 00 00  00 00 00 00  00 00 00 00  00 00 00 00 
      Offset 0F0:  00 00 00 00  00 00 00 00  00 00 00 00  00 00 00 00 

    BFF D0F F04:  Intel Sandy Bridge-E/EN/EP - IMC - Channel2 Target Address Decoder, Rank, Timing
                  
      Offset 000:  86 80 AC 3C  00 00 10 00  07 00 80 08  00 00 80 00 
      Offset 010:  00 00 00 00  00 00 00 00  00 00 00 00  00 00 00 00 
      Offset 020:  00 00 00 00  00 00 00 00  00 00 00 00  58 14 AC 3C 
      Offset 030:  00 00 00 00  40 00 00 00  00 00 00 00  00 00 00 00 
      Offset 040:  10 00 91 00  00 00 00 00  00 00 00 00  00 00 00 00 
      Offset 050:  00 00 00 00  00 00 00 00  00 00 00 00  00 00 00 00 
      Offset 060:  00 00 00 00  00 00 00 00  00 00 00 00  00 00 00 00 
      Offset 070:  00 00 00 00  00 00 00 00  00 00 00 00  00 00 00 00 
      Offset 080:  10 50 0C 00  00 00 0F 00  00 00 0F 00  00 00 00 00 
      Offset 090:  00 00 00 00  00 04 00 10  00 00 00 00  00 00 00 00 
      Offset 0A0:  00 00 00 00  00 00 00 00  00 00 00 00  00 00 00 00 
      Offset 0B0:  00 00 00 00  00 00 00 00  00 00 00 00  00 00 00 00 
      Offset 0C0:  00 00 00 00  00 00 00 00  00 00 00 00  00 00 00 00 
      Offset 0D0:  00 00 00 00  00 00 00 00  00 00 00 00  00 00 00 00 
      Offset 0E0:  00 00 00 00  00 00 00 00  00 00 00 00  00 00 00 00 
      Offset 0F0:  00 00 00 00  00 00 00 00  00 00 00 00  00 00 00 00 

    BFF D0F F05:  Intel Sandy Bridge-E/EN/EP - IMC - Channel3 Target Address Decoder, Rank, Timing
                  
      Offset 000:  86 80 AD 3C  00 00 10 00  07 00 80 08  00 00 80 00 
      Offset 010:  00 00 00 00  00 00 00 00  00 00 00 00  00 00 00 00 
      Offset 020:  00 00 00 00  00 00 00 00  00 00 00 00  58 14 AD 3C 
      Offset 030:  00 00 00 00  40 00 00 00  00 00 00 00  00 00 00 00 
      Offset 040:  10 00 91 00  00 00 00 00  00 00 00 00  00 00 00 00 
      Offset 050:  00 00 00 00  00 00 00 00  00 00 00 00  00 00 00 00 
      Offset 060:  00 00 00 00  00 00 00 00  00 00 00 00  00 00 00 00 
      Offset 070:  00 00 00 00  00 00 00 00  00 00 00 00  00 00 00 00 
      Offset 080:  10 50 0C 00  00 00 0F 00  00 00 0F 00  00 00 00 00 
      Offset 090:  00 00 00 00  00 04 00 10  00 00 00 00  00 00 00 00 
      Offset 0A0:  00 00 00 00  00 00 00 00  00 00 00 00  00 00 00 00 
      Offset 0B0:  00 00 00 00  00 00 00 00  00 00 00 00  00 00 00 00 
      Offset 0C0:  00 00 00 00  00 00 00 00  00 00 00 00  00 00 00 00 
      Offset 0D0:  00 00 00 00  00 00 00 00  00 00 00 00  00 00 00 00 
      Offset 0E0:  00 00 00 00  00 00 00 00  00 00 00 00  00 00 00 00 
      Offset 0F0:  00 00 00 00  00 00 00 00  00 00 00 00  00 00 00 00 

    BFF D0F F06:  Intel Sandy Bridge-E/EN/EP - IMC - Channel Target Address Decoder Registers
                  
      Offset 000:  86 80 AE 3C  10 00 00 00  07 00 80 08  00 00 80 00 
      Offset 010:  00 00 00 00  00 00 00 00  00 00 00 00  00 00 00 00 
      Offset 020:  00 00 00 00  00 00 00 00  00 00 00 00  58 14 AE 3C 
      Offset 030:  00 00 00 00  40 00 00 00  00 00 00 00  00 00 00 00 
      Offset 040:  10 00 91 00  00 00 00 00  00 00 00 00  00 00 00 00 
      Offset 050:  00 00 00 00  00 00 00 00  00 00 00 00  00 00 00 00 
      Offset 060:  00 00 00 00  00 00 00 00  00 00 00 00  00 00 00 00 
      Offset 070:  00 00 00 00  00 00 00 00  00 00 00 00  00 00 00 00 
      Offset 080:  00 00 00 00  00 00 00 00  00 00 00 00  00 00 00 00 
      Offset 090:  00 00 00 00  00 00 00 00  00 00 00 00  00 00 00 00 
      Offset 0A0:  00 00 00 00  00 00 00 00  00 00 00 00  00 00 00 00 
      Offset 0B0:  00 00 00 00  00 00 00 00  00 00 00 00  00 00 00 00 
      Offset 0C0:  00 00 00 00  00 00 00 00  00 00 00 00  00 00 00 00 
      Offset 0D0:  00 00 00 00  00 00 00 00  00 00 00 00  00 00 00 00 
      Offset 0E0:  00 00 00 00  00 00 00 00  00 00 00 00  00 00 00 00 
      Offset 0F0:  00 00 00 00  00 00 00 00  00 00 00 00  00 00 00 00 

    BFF D10 F00:  Intel Sandy Bridge-E/EN/EP - IMC - Channel2 Thermal Control
                  
      Offset 000:  86 80 B0 3C  00 00 10 00  07 00 80 08  00 00 80 00 
      Offset 010:  00 00 00 00  00 00 00 00  00 00 00 00  00 00 00 00 
      Offset 020:  00 00 00 00  00 00 00 00  00 00 00 00  58 14 B0 3C 
      Offset 030:  00 00 00 00  40 00 00 00  00 00 00 00  00 00 00 00 
      Offset 040:  10 00 91 00  00 00 00 00  00 00 00 00  00 00 00 00 
      Offset 050:  00 00 00 00  00 00 00 00  00 00 00 00  00 00 00 00 
      Offset 060:  00 00 00 00  00 00 00 00  00 00 00 00  00 00 00 00 
      Offset 070:  00 00 00 00  00 00 00 00  00 00 00 00  00 00 00 00 
      Offset 080:  00 00 00 00  00 00 00 00  00 00 00 00  00 00 00 00 
      Offset 090:  00 00 00 00  00 00 00 00  00 00 00 00  00 00 00 00 
      Offset 0A0:  00 00 00 00  00 00 00 00  00 00 00 00  00 00 00 00 
      Offset 0B0:  00 00 00 00  00 00 00 00  00 00 00 00  00 00 00 00 
      Offset 0C0:  00 00 00 00  00 00 00 00  00 00 00 00  00 00 00 00 
      Offset 0D0:  00 00 00 00  00 00 00 00  00 00 00 00  00 00 00 00 
      Offset 0E0:  00 00 00 00  00 00 00 00  00 00 00 00  00 00 00 00 
      Offset 0F0:  00 00 00 00  00 00 00 00  00 00 00 00  00 00 00 00 
      Offset 100:  00 00 00 00  00 01 00 00  53 80 00 10  07 00 00 00 
      Offset 110:  4B 50 00 00  4B 50 00 00  4B 50 00 00  00 00 00 00 
      Offset 120:  59 5A 5F 00  59 5A 5F 00  59 5A 5F 00  00 00 00 00 
      Offset 130:  FF FF FF 00  FF FF FF 00  FF FF FF 00  00 00 00 00 
      Offset 140:  03 20 00 00  00 20 00 00  00 20 00 00  00 00 00 00 
      Offset 150:  55 00 00 05  55 00 00 05  55 00 00 05  00 00 00 00 
      Offset 160:  FE 50 1E 82  00 00 00 84  00 00 00 84  00 00 00 00 
      Offset 170:  00 00 00 00  00 00 00 00  00 00 00 00  00 00 00 00 
      Offset 180:  FF FF FF FF  FF FF FF FF  FF FF FF FF  00 00 00 00 
      Offset 190:  FF 8F FF 8F  FF 8F 00 00  00 00 00 00  00 00 00 00 
      Offset 1A0:  00 00 00 00  00 00 00 00  00 00 00 00  00 00 00 00 
      Offset 1B0:  00 00 00 00  00 00 00 00  00 00 00 00  00 00 00 00 
      Offset 1C0:  00 00 00 00  00 00 00 00  00 00 00 00  00 00 00 00 
      Offset 1D0:  80 00 00 10  01 00 00 02  00 E8 03 1F  4E F1 01 00 
      Offset 1E0:  00 00 00 00  D1 66 18 5C  DC 91 C5 BD  8C 50 8F 2F 
      Offset 1F0:  26 54 E9 38  00 00 00 00  00 00 00 00  FF FF FF FF 
      Offset 200:  29 D3 C1 00  54 54 14 0A  D0 26 25 00  90 24 22 66 
      Offset 210:  3F 98 00 00  50 14 57 5A  00 72 2C 49  10 10 00 01 
      Offset 220:  80 40 00 00  86 00 00 00  00 00 00 00  58 0A 00 00 
      Offset 230:  00 00 00 00  40 00 40 00  08 90 C1 10  08 00 07 00 
      Offset 240:  25 00 00 00  01 00 00 00  00 00 00 00  00 00 00 00 
      Offset 250:  00 00 00 00  00 00 00 00  00 00 00 00  00 00 00 00 
      Offset 260:  00 00 00 00  00 00 00 00  00 00 10 00  00 00 00 00 
      Offset 270:  01 02 00 00  00 00 00 00  00 00 01 00  00 00 00 00 
      Offset 280:  00 00 00 00  00 00 00 00  00 00 00 00  00 00 00 00 
      Offset 290:  00 00 00 00  00 00 00 00  00 00 00 00  00 00 00 00 
      Offset 2A0:  00 00 00 00  00 00 00 00  00 00 00 00  00 00 00 00 
      Offset 2B0:  00 00 00 00  00 00 00 00  00 00 00 00  00 00 00 00 
      Offset 2C0:  00 00 00 00  00 00 00 00  00 00 00 00  00 00 00 00 
      Offset 2D0:  00 00 00 00  00 00 00 00  00 00 00 00  00 00 00 00 
      Offset 2E0:  00 00 00 00  00 00 00 00  00 00 00 00  00 00 00 00 
      Offset 2F0:  00 00 00 00  00 00 00 00  00 00 00 00  00 00 00 00 
      Offset 300:  04 00 00 00  40 80 00 1C  1A 12 80 00  00 00 00 00 
      Offset 310:  00 00 00 00  00 00 00 00  00 00 00 00  00 00 00 00 
      Offset 320:  00 00 00 00  00 00 00 00  00 00 00 00  00 00 00 00 
      Offset 330:  00 00 00 00  00 00 00 00  00 05 00 00  00 00 00 00 
      Offset 340:  00 00 00 00  00 00 00 00  00 00 00 00  00 00 00 00 
      Offset 350:  00 00 00 00  00 00 00 00  00 00 00 00  00 00 00 00 
      Offset 360:  00 00 00 00  00 00 00 00  00 00 00 00  00 00 00 00 
      Offset 370:  00 00 00 00  00 00 00 00  00 00 00 00  00 00 00 00 
      Offset 380:  00 00 00 00  00 00 00 00  00 00 00 00  00 00 00 00 
      Offset 390:  00 00 00 00  00 00 00 00  00 00 00 00  00 00 00 00 
      Offset 3A0:  00 00 00 00  00 00 00 00  00 00 00 00  00 00 00 00 
      Offset 3B0:  00 00 00 00  00 00 00 00  00 00 00 00  00 00 00 00 
      Offset 3C0:  00 00 00 00  00 00 00 00  00 00 00 00  00 00 00 00 
      Offset 3D0:  00 00 00 00  00 00 00 00  00 00 00 00  00 00 00 00 
      Offset 3E0:  00 00 00 00  00 00 00 00  00 00 00 00  00 00 00 00 
      Offset 3F0:  00 00 00 00  00 00 00 00  00 00 00 00  00 00 00 00 
      Offset 400:  00 00 18 00  00 00 00 00  00 00 00 00  00 04 18 00 
      Offset 410:  20 01 00 00  22 01 00 00  22 01 00 00  20 01 00 00 
      Offset 420:  FF FF FF 00  CD AB 89 00  CD AB 89 00  44 44 44 00 
      Offset 430:  06 00 FC 1F  01 00 FC 1F  05 00 FC 1F  02 00 FC 1F 
      Offset 440:  01 08 06 00  20 10 23 00  20 0A 13 00  01 08 03 00 
      Offset 450:  00 00 0C 00  94 00 00 00  77 16 00 00  00 07 07 01 
      Offset 460:  00 00 00 00  00 00 00 00  00 00 00 00  00 00 00 00 
      Offset 470:  FF FF FF FF  FF FF FF FF  FF FF FF FF  FF FF FF FF 
      Offset 480:  FF FF FF FF  FF FF FF FF  FF FF FF FF  FF FF FF FF 
      Offset 490:  FF FF FF FF  87 5E 63 22  00 00 00 00  00 00 00 00 
      Offset 4A0:  00 00 00 00  00 00 00 00  00 00 00 00  00 00 00 00 
      Offset 4B0:  00 00 00 00  00 00 00 00  00 00 00 00  00 00 00 00 
      Offset 4C0:  00 00 00 00  00 00 00 00  00 00 00 00  00 00 00 00 
      Offset 4D0:  00 00 00 00  00 00 00 00  00 00 00 00  00 00 00 00 
      Offset 4E0:  00 00 00 00  00 00 00 00  00 00 00 00  00 00 00 00 
      Offset 4F0:  00 00 00 00  00 00 00 00  00 00 00 00  00 00 00 00 
      Offset 500:  00 00 00 00  00 00 00 00  00 00 00 00  00 00 00 00 
      Offset 510:  00 00 00 00  00 00 00 00  00 00 00 00  00 00 00 00 
      Offset 520:  00 00 00 00  00 00 00 00  00 00 00 00  00 00 00 00 
      Offset 530:  00 00 00 00  00 00 00 00  00 00 00 00  00 00 00 00 
      Offset 540:  00 00 00 00  00 00 00 00  00 00 00 00  00 00 00 00 
      Offset 550:  00 00 00 00  00 00 00 00  00 00 00 00  00 00 00 00 
      Offset 560:  00 00 00 00  00 00 00 00  00 00 00 00  00 00 00 00 
      Offset 570:  00 00 00 00  00 00 00 00  00 00 00 00  00 00 00 00 
      Offset 580:  00 00 00 00  00 00 00 00  00 00 00 00  00 00 00 00 
      Offset 590:  00 00 00 00  00 00 00 00  00 00 00 00  00 00 00 00 
      Offset 5A0:  00 00 00 00  00 00 00 00  00 00 00 00  00 00 00 00 
      Offset 5B0:  00 00 00 00  00 00 00 00  00 00 00 00  00 00 00 00 
      Offset 5C0:  00 00 00 00  00 00 00 00  00 00 00 00  00 00 00 00 
      Offset 5D0:  00 00 00 00  00 00 00 00  00 00 00 00  00 00 00 00 
      Offset 5E0:  00 00 00 00  00 00 00 00  00 00 00 00  00 00 00 00 
      Offset 5F0:  00 00 00 00  00 00 00 00  00 00 00 00  00 00 00 00 
      Offset 600:  00 00 00 00  00 00 00 00  00 00 00 00  00 00 00 00 
      Offset 610:  00 00 00 00  00 00 00 00  00 00 00 00  00 00 00 00 
      Offset 620:  00 00 00 00  00 00 00 00  00 00 00 00  00 00 00 00 
      Offset 630:  00 00 00 00  00 00 00 00  00 00 00 00  00 00 00 00 
      Offset 640:  00 00 00 00  00 00 00 00  00 00 00 00  00 00 00 00 
      Offset 650:  00 00 00 00  00 00 00 00  00 00 00 00  00 00 00 00 
      Offset 660:  00 00 00 00  00 00 00 00  00 00 00 00  00 00 00 00 
      Offset 670:  00 00 00 00  00 00 00 00  00 00 00 00  00 00 00 00 
      Offset 680:  00 00 00 00  00 00 00 00  00 00 00 00  00 00 00 00 
      Offset 690:  00 00 00 00  00 00 00 00  00 00 00 00  00 00 00 00 
      Offset 6A0:  00 00 00 00  00 00 00 00  00 00 00 00  00 00 00 00 
      Offset 6B0:  00 00 00 00  00 00 00 00  00 00 00 00  00 00 00 00 
      Offset 6C0:  00 00 00 00  00 00 00 00  00 00 00 00  00 00 00 00 
      Offset 6D0:  00 00 00 00  00 00 00 00  00 00 00 00  00 00 00 00 
      Offset 6E0:  00 00 00 00  00 00 00 00  00 00 00 00  00 00 00 00 
      Offset 6F0:  00 00 00 00  00 00 00 00  00 00 00 00  00 00 00 00 
      Offset 700:  00 00 00 00  00 00 00 00  00 00 00 00  00 00 00 00 
      Offset 710:  00 00 00 00  00 00 00 00  00 00 00 00  00 00 00 00 
      Offset 720:  00 00 00 00  00 00 00 00  00 00 00 00  00 00 00 00 
      Offset 730:  00 00 00 00  00 00 00 00  00 00 00 00  00 00 00 00 
      Offset 740:  00 00 00 00  00 00 00 00  00 00 00 00  00 00 00 00 
      Offset 750:  00 00 00 00  00 00 00 00  00 00 00 00  00 00 00 00 
      Offset 760:  00 00 00 00  00 00 00 00  00 00 00 00  00 00 00 00 
      Offset 770:  00 00 00 00  00 00 00 00  00 00 00 00  00 00 00 00 
      Offset 780:  00 00 00 00  00 00 00 00  00 00 00 00  00 00 00 00 
      Offset 790:  00 00 00 00  00 00 00 00  00 00 00 00  00 00 00 00 
      Offset 7A0:  00 00 00 00  00 00 00 00  00 00 00 00  00 00 00 00 
      Offset 7B0:  00 00 00 00  00 00 00 00  00 00 00 00  00 00 00 00 
      Offset 7C0:  00 00 00 00  00 00 00 00  00 00 00 00  00 00 00 00 
      Offset 7D0:  00 00 00 00  00 00 00 00  00 00 00 00  00 00 00 00 
      Offset 7E0:  00 00 00 00  00 00 00 00  00 00 00 00  00 00 00 00 
      Offset 7F0:  00 00 00 00  00 00 00 00  00 00 00 00  00 00 00 00 

    BFF D10 F01:  Intel Sandy Bridge-E/EN/EP - IMC - Channel3 Thermal Control
                  
      Offset 000:  86 80 B1 3C  00 00 10 00  07 00 80 08  00 00 80 00 
      Offset 010:  00 00 00 00  00 00 00 00  00 00 00 00  00 00 00 00 
      Offset 020:  00 00 00 00  00 00 00 00  00 00 00 00  58 14 B1 3C 
      Offset 030:  00 00 00 00  40 00 00 00  00 00 00 00  00 00 00 00 
      Offset 040:  10 00 91 00  00 00 00 00  00 00 00 00  00 00 00 00 
      Offset 050:  00 00 00 00  00 00 00 00  00 00 00 00  00 00 00 00 
      Offset 060:  00 00 00 00  00 00 00 00  00 00 00 00  00 00 00 00 
      Offset 070:  00 00 00 00  00 00 00 00  00 00 00 00  00 00 00 00 
      Offset 080:  00 00 00 00  00 00 00 00  00 00 00 00  00 00 00 00 
      Offset 090:  00 00 00 00  00 00 00 00  00 00 00 00  00 00 00 00 
      Offset 0A0:  00 00 00 00  00 00 00 00  00 00 00 00  00 00 00 00 
      Offset 0B0:  00 00 00 00  00 00 00 00  00 00 00 00  00 00 00 00 
      Offset 0C0:  00 00 00 00  00 00 00 00  00 00 00 00  00 00 00 00 
      Offset 0D0:  00 00 00 00  00 00 00 00  00 00 00 00  00 00 00 00 
      Offset 0E0:  00 00 00 00  00 00 00 00  00 00 00 00  00 00 00 00 
      Offset 0F0:  00 00 00 00  00 00 00 00  00 00 00 00  00 00 00 00 
      Offset 100:  00 00 00 00  00 01 00 00  53 80 00 10  07 00 00 00 
      Offset 110:  4B 50 00 00  4B 50 00 00  4B 50 00 00  00 00 00 00 
      Offset 120:  59 5A 5F 00  59 5A 5F 00  59 5A 5F 00  00 00 00 00 
      Offset 130:  FF FF FF 00  FF FF FF 00  FF FF FF 00  00 00 00 00 
      Offset 140:  03 20 00 00  00 20 00 00  00 20 00 00  00 00 00 00 
      Offset 150:  55 00 00 05  55 00 00 05  55 00 00 05  00 00 00 00 
      Offset 160:  FE 50 1E 82  00 00 00 84  00 00 00 84  00 00 00 00 
      Offset 170:  00 00 00 00  00 00 00 00  00 00 00 00  00 00 00 00 
      Offset 180:  FF FF FF FF  FF FF FF FF  FF FF FF FF  00 00 00 00 
      Offset 190:  FF 8F FF 8F  FF 8F 00 00  00 00 00 00  00 00 00 00 
      Offset 1A0:  00 00 00 00  00 00 00 00  00 00 00 00  00 00 00 00 
      Offset 1B0:  00 00 00 00  00 00 00 00  00 00 00 00  00 00 00 00 
      Offset 1C0:  00 00 00 00  00 00 00 00  00 00 00 00  00 00 00 00 
      Offset 1D0:  80 00 00 10  01 00 00 02  00 E8 03 1F  4E F1 01 00 
      Offset 1E0:  00 00 00 00  E0 D8 FA 5B  E8 7D 17 BE  1E 7C 1D 2F 
      Offset 1F0:  A4 4D D0 38  00 00 00 00  00 00 00 00  FF FF FF FF 
      Offset 200:  29 D3 C1 00  54 54 14 0A  D0 26 25 00  90 24 22 66 
      Offset 210:  3F 98 00 00  50 14 57 5A  00 72 2C 49  10 10 00 01 
      Offset 220:  80 40 00 00  86 00 00 00  00 00 00 00  58 0A 00 00 
      Offset 230:  00 00 00 00  40 00 40 00  08 90 C1 10  08 00 07 00 
      Offset 240:  25 00 00 00  01 00 00 00  00 00 00 00  00 00 00 00 
      Offset 250:  00 00 00 00  00 00 00 00  00 00 00 00  00 00 00 00 
      Offset 260:  00 00 00 00  00 00 00 00  00 00 10 00  00 00 00 00 
      Offset 270:  01 02 00 00  00 00 00 00  00 00 01 00  00 00 00 00 
      Offset 280:  00 00 00 00  00 00 00 00  00 00 00 00  00 00 00 00 
      Offset 290:  00 00 00 00  00 00 00 00  00 00 00 00  00 00 00 00 
      Offset 2A0:  00 00 00 00  00 00 00 00  00 00 00 00  00 00 00 00 
      Offset 2B0:  00 00 00 00  00 00 00 00  00 00 00 00  00 00 00 00 
      Offset 2C0:  00 00 00 00  00 00 00 00  00 00 00 00  00 00 00 00 
      Offset 2D0:  00 00 00 00  00 00 00 00  00 00 00 00  00 00 00 00 
      Offset 2E0:  00 00 00 00  00 00 00 00  00 00 00 00  00 00 00 00 
      Offset 2F0:  00 00 00 00  00 00 00 00  00 00 00 00  00 00 00 00 
      Offset 300:  04 00 00 00  40 80 00 1C  1A 12 80 00  00 00 00 00 
      Offset 310:  00 00 00 00  00 00 00 00  00 00 00 00  00 00 00 00 
      Offset 320:  00 00 00 00  00 00 00 00  00 00 00 00  00 00 00 00 
      Offset 330:  00 00 00 00  00 00 00 00  00 05 00 00  00 00 00 00 
      Offset 340:  00 00 00 00  00 00 00 00  00 00 00 00  00 00 00 00 
      Offset 350:  00 00 00 00  00 00 00 00  00 00 00 00  00 00 00 00 
      Offset 360:  00 00 00 00  00 00 00 00  00 00 00 00  00 00 00 00 
      Offset 370:  00 00 00 00  00 00 00 00  00 00 00 00  00 00 00 00 
      Offset 380:  00 00 00 00  00 00 00 00  00 00 00 00  00 00 00 00 
      Offset 390:  00 00 00 00  00 00 00 00  00 00 00 00  00 00 00 00 
      Offset 3A0:  00 00 00 00  00 00 00 00  00 00 00 00  00 00 00 00 
      Offset 3B0:  00 00 00 00  00 00 00 00  00 00 00 00  00 00 00 00 
      Offset 3C0:  00 00 00 00  00 00 00 00  00 00 00 00  00 00 00 00 
      Offset 3D0:  00 00 00 00  00 00 00 00  00 00 00 00  00 00 00 00 
      Offset 3E0:  00 00 00 00  00 00 00 00  00 00 00 00  00 00 00 00 
      Offset 3F0:  00 00 00 00  00 00 00 00  00 00 00 00  00 00 00 00 
      Offset 400:  00 00 18 01  00 00 00 01  00 00 00 01  00 04 18 01 
      Offset 410:  20 01 00 00  22 01 00 00  22 01 00 00  20 01 00 00 
      Offset 420:  FF FF FF 00  CD AB 89 00  CD AB 89 00  44 44 44 00 
      Offset 430:  06 00 FC 1F  01 00 FC 1F  05 00 FC 1F  02 00 FC 1F 
      Offset 440:  01 08 06 00  20 10 23 00  20 0A 13 00  01 08 03 00 
      Offset 450:  00 00 0C 00  94 00 00 00  CA 1F 00 00  00 07 07 01 
      Offset 460:  00 00 00 00  00 00 00 00  00 00 00 00  00 00 00 00 
      Offset 470:  FF FF FF FF  FF FF FF FF  FF FF FF FF  FF FF FF FF 
      Offset 480:  FF FF FF FF  FF FF FF FF  FF FF FF FF  FF FF FF FF 
      Offset 490:  FF FF FF FF  43 B2 FB 11  00 00 00 00  00 00 00 00 
      Offset 4A0:  00 00 00 00  00 00 00 00  00 00 00 00  00 00 00 00 
      Offset 4B0:  00 00 00 00  00 00 00 00  00 00 00 00  00 00 00 00 
      Offset 4C0:  00 00 00 00  00 00 00 00  00 00 00 00  00 00 00 00 
      Offset 4D0:  00 00 00 00  00 00 00 00  00 00 00 00  00 00 00 00 
      Offset 4E0:  00 00 00 00  00 00 00 00  00 00 00 00  00 00 00 00 
      Offset 4F0:  00 00 00 00  00 00 00 00  00 00 00 00  00 00 00 00 
      Offset 500:  00 00 00 00  00 00 00 00  00 00 00 00  00 00 00 00 
      Offset 510:  00 00 00 00  00 00 00 00  00 00 00 00  00 00 00 00 
      Offset 520:  00 00 00 00  00 00 00 00  00 00 00 00  00 00 00 00 
      Offset 530:  00 00 00 00  00 00 00 00  00 00 00 00  00 00 00 00 
      Offset 540:  00 00 00 00  00 00 00 00  00 00 00 00  00 00 00 00 
      Offset 550:  00 00 00 00  00 00 00 00  00 00 00 00  00 00 00 00 
      Offset 560:  00 00 00 00  00 00 00 00  00 00 00 00  00 00 00 00 
      Offset 570:  00 00 00 00  00 00 00 00  00 00 00 00  00 00 00 00 
      Offset 580:  00 00 00 00  00 00 00 00  00 00 00 00  00 00 00 00 
      Offset 590:  00 00 00 00  00 00 00 00  00 00 00 00  00 00 00 00 
      Offset 5A0:  00 00 00 00  00 00 00 00  00 00 00 00  00 00 00 00 
      Offset 5B0:  00 00 00 00  00 00 00 00  00 00 00 00  00 00 00 00 
      Offset 5C0:  00 00 00 00  00 00 00 00  00 00 00 00  00 00 00 00 
      Offset 5D0:  00 00 00 00  00 00 00 00  00 00 00 00  00 00 00 00 
      Offset 5E0:  00 00 00 00  00 00 00 00  00 00 00 00  00 00 00 00 
      Offset 5F0:  00 00 00 00  00 00 00 00  00 00 00 00  00 00 00 00 
      Offset 600:  00 00 00 00  00 00 00 00  00 00 00 00  00 00 00 00 
      Offset 610:  00 00 00 00  00 00 00 00  00 00 00 00  00 00 00 00 
      Offset 620:  00 00 00 00  00 00 00 00  00 00 00 00  00 00 00 00 
      Offset 630:  00 00 00 00  00 00 00 00  00 00 00 00  00 00 00 00 
      Offset 640:  00 00 00 00  00 00 00 00  00 00 00 00  00 00 00 00 
      Offset 650:  00 00 00 00  00 00 00 00  00 00 00 00  00 00 00 00 
      Offset 660:  00 00 00 00  00 00 00 00  00 00 00 00  00 00 00 00 
      Offset 670:  00 00 00 00  00 00 00 00  00 00 00 00  00 00 00 00 
      Offset 680:  00 00 00 00  00 00 00 00  00 00 00 00  00 00 00 00 
      Offset 690:  00 00 00 00  00 00 00 00  00 00 00 00  00 00 00 00 
      Offset 6A0:  00 00 00 00  00 00 00 00  00 00 00 00  00 00 00 00 
      Offset 6B0:  00 00 00 00  00 00 00 00  00 00 00 00  00 00 00 00 
      Offset 6C0:  00 00 00 00  00 00 00 00  00 00 00 00  00 00 00 00 
      Offset 6D0:  00 00 00 00  00 00 00 00  00 00 00 00  00 00 00 00 
      Offset 6E0:  00 00 00 00  00 00 00 00  00 00 00 00  00 00 00 00 
      Offset 6F0:  00 00 00 00  00 00 00 00  00 00 00 00  00 00 00 00 
      Offset 700:  00 00 00 00  00 00 00 00  00 00 00 00  00 00 00 00 
      Offset 710:  00 00 00 00  00 00 00 00  00 00 00 00  00 00 00 00 
      Offset 720:  00 00 00 00  00 00 00 00  00 00 00 00  00 00 00 00 
      Offset 730:  00 00 00 00  00 00 00 00  00 00 00 00  00 00 00 00 
      Offset 740:  00 00 00 00  00 00 00 00  00 00 00 00  00 00 00 00 
      Offset 750:  00 00 00 00  00 00 00 00  00 00 00 00  00 00 00 00 
      Offset 760:  00 00 00 00  00 00 00 00  00 00 00 00  00 00 00 00 
      Offset 770:  00 00 00 00  00 00 00 00  00 00 00 00  00 00 00 00 
      Offset 780:  00 00 00 00  00 00 00 00  00 00 00 00  00 00 00 00 
      Offset 790:  00 00 00 00  00 00 00 00  00 00 00 00  00 00 00 00 
      Offset 7A0:  00 00 00 00  00 00 00 00  00 00 00 00  00 00 00 00 
      Offset 7B0:  00 00 00 00  00 00 00 00  00 00 00 00  00 00 00 00 
      Offset 7C0:  00 00 00 00  00 00 00 00  00 00 00 00  00 00 00 00 
      Offset 7D0:  00 00 00 00  00 00 00 00  00 00 00 00  00 00 00 00 
      Offset 7E0:  00 00 00 00  00 00 00 00  00 00 00 00  00 00 00 00 
      Offset 7F0:  00 00 00 00  00 00 00 00  00 00 00 00  00 00 00 00 

    BFF D10 F02:  Intel Sandy Bridge-E/EN/EP - IMC - Channel2 ERROR Registers
                  
      Offset 000:  86 80 B2 3C  00 00 10 00  07 00 80 08  00 00 80 00 
      Offset 010:  00 00 00 00  00 00 00 00  00 00 00 00  00 00 00 00 
      Offset 020:  00 00 00 00  00 00 00 00  00 00 00 00  58 14 B2 3C 
      Offset 030:  00 00 00 00  40 00 00 00  00 00 00 00  00 00 00 00 
      Offset 040:  10 00 91 00  00 00 00 00  00 00 00 00  00 00 00 00 
      Offset 050:  00 00 00 00  00 00 00 00  00 00 00 00  00 00 00 00 
      Offset 060:  00 00 00 00  00 00 00 00  00 00 00 00  00 00 00 00 
      Offset 070:  00 00 00 00  00 00 00 00  00 00 00 00  00 00 00 00 
      Offset 080:  23 23 0B 0B  0B 0B 0B 0B  00 00 00 00  66 00 00 00 
      Offset 090:  0D 00 00 00  00 00 00 00  FF FF 00 00  FF 08 00 FF 
      Offset 0A0:  80 80 1F 00  00 00 00 00  00 00 00 00  00 00 00 00 
      Offset 0B0:  00 00 00 00  00 00 00 00  00 00 00 00  00 00 00 00 
      Offset 0C0:  00 00 00 00  00 00 00 00  00 00 00 00  00 00 00 00 
      Offset 0D0:  00 00 00 00  00 00 00 00  00 00 00 00  00 00 00 00 
      Offset 0E0:  00 00 00 00  00 00 00 00  00 00 00 00  00 00 00 00 
      Offset 0F0:  00 00 00 00  00 00 00 00  00 00 00 00  00 00 00 00 

    BFF D10 F03:  Intel Sandy Bridge-E/EN/EP - IMC - Channel3 ERROR Registers
                  
      Offset 000:  86 80 B3 3C  00 00 10 00  07 00 80 08  00 00 80 00 
      Offset 010:  00 00 00 00  00 00 00 00  00 00 00 00  00 00 00 00 
      Offset 020:  00 00 00 00  00 00 00 00  00 00 00 00  58 14 B3 3C 
      Offset 030:  00 00 00 00  40 00 00 00  00 00 00 00  00 00 00 00 
      Offset 040:  10 00 91 00  00 00 00 00  00 00 00 00  00 00 00 00 
      Offset 050:  00 00 00 00  00 00 00 00  00 00 00 00  00 00 00 00 
      Offset 060:  00 00 00 00  00 00 00 00  00 00 00 00  00 00 00 00 
      Offset 070:  00 00 00 00  00 00 00 00  00 00 00 00  00 00 00 00 
      Offset 080:  21 21 0B 0B  0B 0B 0B 0B  00 00 00 00  55 00 00 00 
      Offset 090:  0D 00 00 00  00 00 00 00  FF FF 00 00  FF 08 00 FF 
      Offset 0A0:  80 80 1F 00  00 00 00 00  00 00 00 00  00 00 00 00 
      Offset 0B0:  00 00 00 00  00 00 00 00  00 00 00 00  00 00 00 00 
      Offset 0C0:  00 00 00 00  00 00 00 00  00 00 00 00  00 00 00 00 
      Offset 0D0:  00 00 00 00  00 00 00 00  00 00 00 00  00 00 00 00 
      Offset 0E0:  00 00 00 00  00 00 00 00  00 00 00 00  00 00 00 00 
      Offset 0F0:  00 00 00 00  00 00 00 00  00 00 00 00  00 00 00 00 

    BFF D10 F04:  Intel Sandy Bridge-E/EN/EP - IMC - Channel0 Thermal Control
                  
      Offset 000:  86 80 B4 3C  00 00 10 00  07 00 80 08  00 00 80 00 
      Offset 010:  00 00 00 00  00 00 00 00  00 00 00 00  00 00 00 00 
      Offset 020:  00 00 00 00  00 00 00 00  00 00 00 00  58 14 B4 3C 
      Offset 030:  00 00 00 00  40 00 00 00  00 00 00 00  00 00 00 00 
      Offset 040:  10 00 91 00  00 00 00 00  00 00 00 00  00 00 00 00 
      Offset 050:  00 00 00 00  00 00 00 00  00 00 00 00  00 00 00 00 
      Offset 060:  00 00 00 00  00 00 00 00  00 00 00 00  00 00 00 00 
      Offset 070:  00 00 00 00  00 00 00 00  00 00 00 00  00 00 00 00 
      Offset 080:  00 00 00 00  00 00 00 00  00 00 00 00  00 00 00 00 
      Offset 090:  00 00 00 00  00 00 00 00  00 00 00 00  00 00 00 00 
      Offset 0A0:  00 00 00 00  00 00 00 00  00 00 00 00  00 00 00 00 
      Offset 0B0:  00 00 00 00  00 00 00 00  00 00 00 00  00 00 00 00 
      Offset 0C0:  00 00 00 00  00 00 00 00  00 00 00 00  00 00 00 00 
      Offset 0D0:  00 00 00 00  00 00 00 00  00 00 00 00  00 00 00 00 
      Offset 0E0:  00 00 00 00  00 00 00 00  00 00 00 00  00 00 00 00 
      Offset 0F0:  00 00 00 00  00 00 00 00  00 00 00 00  00 00 00 00 
      Offset 100:  00 00 00 00  00 01 00 00  53 80 00 10  07 00 00 00 
      Offset 110:  4B 50 00 00  4B 50 00 00  4B 50 00 00  00 00 00 00 
      Offset 120:  59 5A 5F 00  59 5A 5F 00  59 5A 5F 00  00 00 00 00 
      Offset 130:  FF FF FF 00  FF FF FF 00  FF FF FF 00  00 00 00 00 
      Offset 140:  03 20 00 00  00 20 00 00  00 20 00 00  00 00 00 00 
      Offset 150:  55 00 00 05  55 00 00 05  55 00 00 05  00 00 00 00 
      Offset 160:  FE 50 1E 82  00 00 00 84  00 00 00 84  00 00 00 00 
      Offset 170:  00 00 00 00  00 00 00 00  00 00 00 00  00 00 00 00 
      Offset 180:  FF FF FF FF  FF FF FF FF  FF FF FF FF  00 00 00 00 
      Offset 190:  FF 8F FF 8F  FF 8F 00 00  00 00 00 00  00 00 00 00 
      Offset 1A0:  00 00 00 00  00 00 00 00  00 00 00 00  00 00 00 00 
      Offset 1B0:  00 00 00 00  00 00 00 00  00 00 00 00  00 00 00 00 
      Offset 1C0:  00 00 00 00  00 00 00 00  00 00 00 00  00 00 00 00 
      Offset 1D0:  80 00 00 10  01 00 00 02  00 E8 03 1F  4E F1 01 00 
      Offset 1E0:  00 00 00 00  23 2E FF 57  40 02 A6 B4  EC C9 1C 2C 
      Offset 1F0:  D9 8D 0B 38  00 00 00 00  00 00 00 00  FF FF FF FF 
      Offset 200:  29 D3 C1 00  54 54 14 0A  D0 26 25 00  90 24 22 66 
      Offset 210:  3F 98 00 00  50 14 57 5A  00 72 2C 49  10 10 00 01 
      Offset 220:  80 40 00 00  86 00 00 00  00 00 00 00  58 0A 00 00 
      Offset 230:  00 00 00 00  40 00 40 00  08 90 C1 10  08 00 07 00 
      Offset 240:  25 00 00 00  01 00 00 00  00 00 00 00  00 00 00 00 
      Offset 250:  00 00 00 00  00 00 00 00  00 00 00 00  00 00 00 00 
      Offset 260:  00 00 00 00  00 00 00 00  00 00 10 00  00 00 00 00 
      Offset 270:  01 02 00 00  00 00 00 00  00 00 01 00  00 00 00 00 
      Offset 280:  00 00 00 00  00 00 00 00  00 00 00 00  00 00 00 00 
      Offset 290:  00 00 00 00  00 00 00 00  00 00 00 00  00 00 00 00 
      Offset 2A0:  00 00 00 00  00 00 00 00  00 00 00 00  00 00 00 00 
      Offset 2B0:  00 00 00 00  00 00 00 00  00 00 00 00  00 00 00 00 
      Offset 2C0:  00 00 00 00  00 00 00 00  00 00 00 00  00 00 00 00 
      Offset 2D0:  00 00 00 00  00 00 00 00  00 00 00 00  00 00 00 00 
      Offset 2E0:  00 00 00 00  00 00 00 00  00 00 00 00  00 00 00 00 
      Offset 2F0:  00 00 00 00  00 00 00 00  00 00 00 00  00 00 00 00 
      Offset 300:  04 00 00 00  40 80 00 1C  1A 12 80 00  00 00 00 00 
      Offset 310:  00 00 00 00  00 00 00 00  00 00 00 00  00 00 00 00 
      Offset 320:  00 00 00 00  00 00 00 00  00 00 00 00  00 00 00 00 
      Offset 330:  00 00 00 00  00 00 00 00  00 05 00 00  00 00 00 00 
      Offset 340:  00 00 00 00  00 00 00 00  00 00 00 00  00 00 00 00 
      Offset 350:  00 00 00 00  00 00 00 00  00 00 00 00  00 00 00 00 
      Offset 360:  00 00 00 00  00 00 00 00  00 00 00 00  00 00 00 00 
      Offset 370:  00 00 00 00  00 00 00 00  00 00 00 00  00 00 00 00 
      Offset 380:  00 00 00 00  00 00 00 00  00 00 00 00  00 00 00 00 
      Offset 390:  00 00 00 00  00 00 00 00  00 00 00 00  00 00 00 00 
      Offset 3A0:  00 00 00 00  00 00 00 00  00 00 00 00  00 00 00 00 
      Offset 3B0:  00 00 00 00  00 00 00 00  00 00 00 00  00 00 00 00 
      Offset 3C0:  00 00 00 00  00 00 00 00  00 00 00 00  00 00 00 00 
      Offset 3D0:  00 00 00 00  00 00 00 00  00 00 00 00  00 00 00 00 
      Offset 3E0:  00 00 00 00  00 00 00 00  00 00 00 00  00 00 00 00 
      Offset 3F0:  00 00 00 00  00 00 00 00  00 00 00 00  00 00 00 00 
      Offset 400:  00 00 18 00  00 00 00 00  00 00 00 00  00 04 18 00 
      Offset 410:  20 01 00 00  22 01 00 00  22 01 00 00  20 01 00 00 
      Offset 420:  FF FF FF 00  CD AB 89 00  CD AB 89 00  44 44 44 00 
      Offset 430:  06 00 FC 1F  01 00 FC 1F  05 00 FC 1F  02 00 FC 1F 
      Offset 440:  01 08 06 00  20 10 23 00  20 0A 13 00  01 08 03 00 
      Offset 450:  00 00 0C 00  84 00 00 00  CE 15 00 00  00 07 07 01 
      Offset 460:  00 00 00 00  00 00 00 00  00 00 00 00  00 00 00 00 
      Offset 470:  FF FF FF FF  FF FF FF FF  FF FF FF FF  FF FF FF FF 
      Offset 480:  FF FF FF FF  FF FF FF FF  FF FF FF FF  FF FF FF FF 
      Offset 490:  FF FF FF FF  81 FD 47 22  00 00 00 00  00 00 00 00 
      Offset 4A0:  00 00 00 00  00 00 00 00  00 00 00 00  00 00 00 00 
      Offset 4B0:  00 00 00 00  00 00 00 00  00 00 00 00  00 00 00 00 
      Offset 4C0:  00 00 00 00  00 00 00 00  00 00 00 00  00 00 00 00 
      Offset 4D0:  00 00 00 00  00 00 00 00  00 00 00 00  00 00 00 00 
      Offset 4E0:  00 00 00 00  00 00 00 00  00 00 00 00  00 00 00 00 
      Offset 4F0:  00 00 00 00  00 00 00 00  00 00 00 00  00 00 00 00 
      Offset 500:  00 00 00 00  00 00 00 00  00 00 00 00  00 00 00 00 
      Offset 510:  00 00 00 00  00 00 00 00  00 00 00 00  00 00 00 00 
      Offset 520:  00 00 00 00  00 00 00 00  00 00 00 00  00 00 00 00 
      Offset 530:  00 00 00 00  00 00 00 00  00 00 00 00  00 00 00 00 
      Offset 540:  00 00 00 00  00 00 00 00  00 00 00 00  00 00 00 00 
      Offset 550:  00 00 00 00  00 00 00 00  00 00 00 00  00 00 00 00 
      Offset 560:  00 00 00 00  00 00 00 00  00 00 00 00  00 00 00 00 
      Offset 570:  00 00 00 00  00 00 00 00  00 00 00 00  00 00 00 00 
      Offset 580:  00 00 00 00  00 00 00 00  00 00 00 00  00 00 00 00 
      Offset 590:  00 00 00 00  00 00 00 00  00 00 00 00  00 00 00 00 
      Offset 5A0:  00 00 00 00  00 00 00 00  00 00 00 00  00 00 00 00 
      Offset 5B0:  00 00 00 00  00 00 00 00  00 00 00 00  00 00 00 00 
      Offset 5C0:  00 00 00 00  00 00 00 00  00 00 00 00  00 00 00 00 
      Offset 5D0:  00 00 00 00  00 00 00 00  00 00 00 00  00 00 00 00 
      Offset 5E0:  00 00 00 00  00 00 00 00  00 00 00 00  00 00 00 00 
      Offset 5F0:  00 00 00 00  00 00 00 00  00 00 00 00  00 00 00 00 
      Offset 600:  00 00 00 00  00 00 00 00  00 00 00 00  00 00 00 00 
      Offset 610:  00 00 00 00  00 00 00 00  00 00 00 00  00 00 00 00 
      Offset 620:  00 00 00 00  00 00 00 00  00 00 00 00  00 00 00 00 
      Offset 630:  00 00 00 00  00 00 00 00  00 00 00 00  00 00 00 00 
      Offset 640:  00 00 00 00  00 00 00 00  00 00 00 00  00 00 00 00 
      Offset 650:  00 00 00 00  00 00 00 00  00 00 00 00  00 00 00 00 
      Offset 660:  00 00 00 00  00 00 00 00  00 00 00 00  00 00 00 00 
      Offset 670:  00 00 00 00  00 00 00 00  00 00 00 00  00 00 00 00 
      Offset 680:  00 00 00 00  00 00 00 00  00 00 00 00  00 00 00 00 
      Offset 690:  00 00 00 00  00 00 00 00  00 00 00 00  00 00 00 00 
      Offset 6A0:  00 00 00 00  00 00 00 00  00 00 00 00  00 00 00 00 
      Offset 6B0:  00 00 00 00  00 00 00 00  00 00 00 00  00 00 00 00 
      Offset 6C0:  00 00 00 00  00 00 00 00  00 00 00 00  00 00 00 00 
      Offset 6D0:  00 00 00 00  00 00 00 00  00 00 00 00  00 00 00 00 
      Offset 6E0:  00 00 00 00  00 00 00 00  00 00 00 00  00 00 00 00 
      Offset 6F0:  00 00 00 00  00 00 00 00  00 00 00 00  00 00 00 00 
      Offset 700:  00 00 00 00  00 00 00 00  00 00 00 00  00 00 00 00 
      Offset 710:  00 00 00 00  00 00 00 00  00 00 00 00  00 00 00 00 
      Offset 720:  00 00 00 00  00 00 00 00  00 00 00 00  00 00 00 00 
      Offset 730:  00 00 00 00  00 00 00 00  00 00 00 00  00 00 00 00 
      Offset 740:  00 00 00 00  00 00 00 00  00 00 00 00  00 00 00 00 
      Offset 750:  00 00 00 00  00 00 00 00  00 00 00 00  00 00 00 00 
      Offset 760:  00 00 00 00  00 00 00 00  00 00 00 00  00 00 00 00 
      Offset 770:  00 00 00 00  00 00 00 00  00 00 00 00  00 00 00 00 
      Offset 780:  00 00 00 00  00 00 00 00  00 00 00 00  00 00 00 00 
      Offset 790:  00 00 00 00  00 00 00 00  00 00 00 00  00 00 00 00 
      Offset 7A0:  00 00 00 00  00 00 00 00  00 00 00 00  00 00 00 00 
      Offset 7B0:  00 00 00 00  00 00 00 00  00 00 00 00  00 00 00 00 
      Offset 7C0:  00 00 00 00  00 00 00 00  00 00 00 00  00 00 00 00 
      Offset 7D0:  00 00 00 00  00 00 00 00  00 00 00 00  00 00 00 00 
      Offset 7E0:  00 00 00 00  00 00 00 00  00 00 00 00  00 00 00 00 
      Offset 7F0:  00 00 00 00  00 00 00 00  00 00 00 00  00 00 00 00 

    BFF D10 F05:  Intel Sandy Bridge-E/EN/EP - IMC - Channel1 Thermal Control
                  
      Offset 000:  86 80 B5 3C  00 00 10 00  07 00 80 08  00 00 80 00 
      Offset 010:  00 00 00 00  00 00 00 00  00 00 00 00  00 00 00 00 
      Offset 020:  00 00 00 00  00 00 00 00  00 00 00 00  58 14 B5 3C 
      Offset 030:  00 00 00 00  40 00 00 00  00 00 00 00  00 00 00 00 
      Offset 040:  10 00 91 00  00 00 00 00  00 00 00 00  00 00 00 00 
      Offset 050:  00 00 00 00  00 00 00 00  00 00 00 00  00 00 00 00 
      Offset 060:  00 00 00 00  00 00 00 00  00 00 00 00  00 00 00 00 
      Offset 070:  00 00 00 00  00 00 00 00  00 00 00 00  00 00 00 00 
      Offset 080:  00 00 00 00  00 00 00 00  00 00 00 00  00 00 00 00 
      Offset 090:  00 00 00 00  00 00 00 00  00 00 00 00  00 00 00 00 
      Offset 0A0:  00 00 00 00  00 00 00 00  00 00 00 00  00 00 00 00 
      Offset 0B0:  00 00 00 00  00 00 00 00  00 00 00 00  00 00 00 00 
      Offset 0C0:  00 00 00 00  00 00 00 00  00 00 00 00  00 00 00 00 
      Offset 0D0:  00 00 00 00  00 00 00 00  00 00 00 00  00 00 00 00 
      Offset 0E0:  00 00 00 00  00 00 00 00  00 00 00 00  00 00 00 00 
      Offset 0F0:  00 00 00 00  00 00 00 00  00 00 00 00  00 00 00 00 
      Offset 100:  00 00 00 00  00 01 00 00  FF 03 00 98  07 00 00 00 
      Offset 110:  4B 50 00 00  4B 50 00 00  4B 50 00 00  00 00 00 00 
      Offset 120:  59 5A 5F 00  59 5A 5F 00  59 5A 5F 00  00 00 00 00 
      Offset 130:  FF FF FF 00  FF FF FF 00  FF FF FF 00  00 00 00 00 
      Offset 140:  00 20 00 00  00 20 00 00  00 20 00 00  00 00 00 00 
      Offset 150:  55 00 00 05  55 00 00 05  55 00 00 05  00 00 00 00 
      Offset 160:  00 00 00 84  00 00 00 84  00 00 00 84  00 00 00 00 
      Offset 170:  00 00 00 00  00 00 00 00  00 00 00 00  00 00 00 00 
      Offset 180:  FF FF FF FF  FF FF FF FF  FF FF FF FF  00 00 00 00 
      Offset 190:  FF 8F FF 8F  FF 8F 00 00  00 00 00 00  00 00 00 00 
      Offset 1A0:  00 00 00 00  00 00 00 00  00 00 00 00  00 00 00 00 
      Offset 1B0:  00 00 00 00  00 00 00 00  00 00 00 00  00 00 00 00 
      Offset 1C0:  00 00 00 00  00 00 00 00  00 00 00 00  00 00 00 00 
      Offset 1D0:  80 00 00 10  01 00 00 02  FF FF 0F 1F  FF FF 00 00 
      Offset 1E0:  00 00 00 00  00 00 00 00  00 00 00 00  00 00 00 00 
      Offset 1F0:  00 00 00 00  00 00 00 00  00 00 00 00  FF FF FF FF 
      Offset 200:  4A D5 E1 00  A5 63 20 0C  92 24 49 02  6A 20 22 66 
      Offset 210:  3F 98 00 00  2C 06 40 12  00 B1 00 61  18 00 02 00 
      Offset 220:  80 40 00 00  80 00 00 00  00 00 00 00  00 00 00 00 
      Offset 230:  00 00 00 00  00 00 00 00  08 90 C1 10  08 00 C0 12 
      Offset 240:  25 00 00 00  08 00 00 00  00 00 00 00  00 00 00 00 
      Offset 250:  00 00 00 00  00 00 00 00  00 00 00 00  00 00 00 00 
      Offset 260:  00 00 00 00  00 00 00 00  00 00 00 00  00 00 00 00 
      Offset 270:  00 00 00 00  00 00 00 00  00 00 00 00  00 00 00 00 
      Offset 280:  00 00 00 00  00 00 00 00  00 00 00 00  00 00 00 00 
      Offset 290:  00 00 00 00  00 00 00 00  00 00 00 00  00 00 00 00 
      Offset 2A0:  00 00 00 00  00 00 00 00  00 00 00 00  00 00 00 00 
      Offset 2B0:  00 00 00 00  00 00 00 00  00 00 00 00  00 00 00 00 
      Offset 2C0:  00 00 00 00  00 00 00 00  00 00 00 00  00 00 00 00 
      Offset 2D0:  00 00 00 00  00 00 00 00  00 00 00 00  00 00 00 00 
      Offset 2E0:  00 00 00 00  00 00 00 00  00 00 00 00  00 00 00 00 
      Offset 2F0:  00 00 00 00  00 00 00 00  00 00 00 00  00 00 00 00 
      Offset 300:  04 00 00 00  40 80 00 1D  19 15 20 00  00 00 00 00 
      Offset 310:  00 00 00 00  00 00 00 00  00 00 00 00  00 00 00 00 
      Offset 320:  00 00 00 00  00 00 00 00  00 00 00 00  00 00 00 00 
      Offset 330:  00 00 00 00  00 00 00 00  00 05 00 00  00 00 00 00 
      Offset 340:  00 00 00 00  00 00 00 00  00 00 00 00  00 00 00 00 
      Offset 350:  00 00 00 00  00 00 00 00  00 00 00 00  00 00 00 00 
      Offset 360:  00 00 00 00  00 00 00 00  00 00 00 00  00 00 00 00 
      Offset 370:  00 00 00 00  00 00 00 00  00 00 00 00  00 00 00 00 
      Offset 380:  00 00 00 00  00 00 00 00  00 00 00 00  00 00 00 00 
      Offset 390:  00 00 00 00  00 00 00 00  00 00 00 00  00 00 00 00 
      Offset 3A0:  00 00 00 00  00 00 00 00  00 00 00 00  00 00 00 00 
      Offset 3B0:  00 00 00 00  00 00 00 00  00 00 00 00  00 00 00 00 
      Offset 3C0:  00 00 00 00  00 00 00 00  00 00 00 00  00 00 00 00 
      Offset 3D0:  00 00 00 00  00 00 00 00  00 00 00 00  00 00 00 00 
      Offset 3E0:  00 00 00 00  00 00 00 00  00 00 00 00  00 00 00 00 
      Offset 3F0:  00 00 00 00  00 00 00 00  00 00 00 00  00 00 00 00 
      Offset 400:  00 00 00 00  00 00 00 00  00 00 00 00  00 00 00 00 
      Offset 410:  00 00 00 00  00 00 00 00  00 00 00 00  00 00 00 00 
      Offset 420:  00 00 00 00  00 00 00 00  00 00 00 00  00 00 00 00 
      Offset 430:  07 00 00 00  07 00 00 00  07 00 00 00  07 00 00 00 
      Offset 440:  00 04 04 00  00 04 04 00  00 04 04 00  00 04 04 00 
      Offset 450:  00 00 00 00  84 00 00 00  00 00 00 00  00 00 00 00 
      Offset 460:  00 00 00 00  00 00 00 00  00 00 00 00  00 00 00 00 
      Offset 470:  00 00 00 00  00 00 00 00  00 00 00 00  00 00 00 00 
      Offset 480:  00 00 00 00  00 00 00 00  00 00 00 00  00 00 00 00 
      Offset 490:  00 00 00 00  00 00 00 00  00 00 00 00  00 00 00 00 
      Offset 4A0:  00 00 00 00  00 00 00 00  00 00 00 00  00 00 00 00 
      Offset 4B0:  00 00 00 00  00 00 00 00  00 00 00 00  00 00 00 00 
      Offset 4C0:  00 00 00 00  00 00 00 00  00 00 00 00  00 00 00 00 
      Offset 4D0:  00 00 00 00  00 00 00 00  00 00 00 00  00 00 00 00 
      Offset 4E0:  00 00 00 00  00 00 00 00  00 00 00 00  00 00 00 00 
      Offset 4F0:  00 00 00 00  00 00 00 00  00 00 00 00  00 00 00 00 
      Offset 500:  00 00 00 00  00 00 00 00  00 00 00 00  00 00 00 00 
      Offset 510:  00 00 00 00  00 00 00 00  00 00 00 00  00 00 00 00 
      Offset 520:  00 00 00 00  00 00 00 00  00 00 00 00  00 00 00 00 
      Offset 530:  00 00 00 00  00 00 00 00  00 00 00 00  00 00 00 00 
      Offset 540:  00 00 00 00  00 00 00 00  00 00 00 00  00 00 00 00 
      Offset 550:  00 00 00 00  00 00 00 00  00 00 00 00  00 00 00 00 
      Offset 560:  00 00 00 00  00 00 00 00  00 00 00 00  00 00 00 00 
      Offset 570:  00 00 00 00  00 00 00 00  00 00 00 00  00 00 00 00 
      Offset 580:  00 00 00 00  00 00 00 00  00 00 00 00  00 00 00 00 
      Offset 590:  00 00 00 00  00 00 00 00  00 00 00 00  00 00 00 00 
      Offset 5A0:  00 00 00 00  00 00 00 00  00 00 00 00  00 00 00 00 
      Offset 5B0:  00 00 00 00  00 00 00 00  00 00 00 00  00 00 00 00 
      Offset 5C0:  00 00 00 00  00 00 00 00  00 00 00 00  00 00 00 00 
      Offset 5D0:  00 00 00 00  00 00 00 00  00 00 00 00  00 00 00 00 
      Offset 5E0:  00 00 00 00  00 00 00 00  00 00 00 00  00 00 00 00 
      Offset 5F0:  00 00 00 00  00 00 00 00  00 00 00 00  00 00 00 00 
      Offset 600:  00 00 00 00  00 00 00 00  00 00 00 00  00 00 00 00 
      Offset 610:  00 00 00 00  00 00 00 00  00 00 00 00  00 00 00 00 
      Offset 620:  00 00 00 00  00 00 00 00  00 00 00 00  00 00 00 00 
      Offset 630:  00 00 00 00  00 00 00 00  00 00 00 00  00 00 00 00 
      Offset 640:  00 00 00 00  00 00 00 00  00 00 00 00  00 00 00 00 
      Offset 650:  00 00 00 00  00 00 00 00  00 00 00 00  00 00 00 00 
      Offset 660:  00 00 00 00  00 00 00 00  00 00 00 00  00 00 00 00 
      Offset 670:  00 00 00 00  00 00 00 00  00 00 00 00  00 00 00 00 
      Offset 680:  00 00 00 00  00 00 00 00  00 00 00 00  00 00 00 00 
      Offset 690:  00 00 00 00  00 00 00 00  00 00 00 00  00 00 00 00 
      Offset 6A0:  00 00 00 00  00 00 00 00  00 00 00 00  00 00 00 00 
      Offset 6B0:  00 00 00 00  00 00 00 00  00 00 00 00  00 00 00 00 
      Offset 6C0:  00 00 00 00  00 00 00 00  00 00 00 00  00 00 00 00 
      Offset 6D0:  00 00 00 00  00 00 00 00  00 00 00 00  00 00 00 00 
      Offset 6E0:  00 00 00 00  00 00 00 00  00 00 00 00  00 00 00 00 
      Offset 6F0:  00 00 00 00  00 00 00 00  00 00 00 00  00 00 00 00 
      Offset 700:  00 00 00 00  00 00 00 00  00 00 00 00  00 00 00 00 
      Offset 710:  00 00 00 00  00 00 00 00  00 00 00 00  00 00 00 00 
      Offset 720:  00 00 00 00  00 00 00 00  00 00 00 00  00 00 00 00 
      Offset 730:  00 00 00 00  00 00 00 00  00 00 00 00  00 00 00 00 
      Offset 740:  00 00 00 00  00 00 00 00  00 00 00 00  00 00 00 00 
      Offset 750:  00 00 00 00  00 00 00 00  00 00 00 00  00 00 00 00 
      Offset 760:  00 00 00 00  00 00 00 00  00 00 00 00  00 00 00 00 
      Offset 770:  00 00 00 00  00 00 00 00  00 00 00 00  00 00 00 00 
      Offset 780:  00 00 00 00  00 00 00 00  00 00 00 00  00 00 00 00 
      Offset 790:  00 00 00 00  00 00 00 00  00 00 00 00  00 00 00 00 
      Offset 7A0:  00 00 00 00  00 00 00 00  00 00 00 00  00 00 00 00 
      Offset 7B0:  00 00 00 00  00 00 00 00  00 00 00 00  00 00 00 00 
      Offset 7C0:  00 00 00 00  00 00 00 00  00 00 00 00  00 00 00 00 
      Offset 7D0:  00 00 00 00  00 00 00 00  00 00 00 00  00 00 00 00 
      Offset 7E0:  00 00 00 00  00 00 00 00  00 00 00 00  00 00 00 00 
      Offset 7F0:  00 00 00 00  00 00 00 00  00 00 00 00  00 00 00 00 

    BFF D10 F06:  Intel Sandy Bridge-E/EN/EP - IMC - Channel0 ERROR Registers
                  
      Offset 000:  86 80 B6 3C  00 00 10 00  07 00 80 08  00 00 80 00 
      Offset 010:  00 00 00 00  00 00 00 00  00 00 00 00  00 00 00 00 
      Offset 020:  00 00 00 00  00 00 00 00  00 00 00 00  58 14 B6 3C 
      Offset 030:  00 00 00 00  40 00 00 00  00 00 00 00  00 00 00 00 
      Offset 040:  10 00 91 00  00 00 00 00  00 00 00 00  00 00 00 00 
      Offset 050:  00 00 00 00  00 00 00 00  00 00 00 00  00 00 00 00 
      Offset 060:  00 00 00 00  00 00 00 00  00 00 00 00  00 00 00 00 
      Offset 070:  00 00 00 00  00 00 00 00  00 00 00 00  00 00 00 00 
      Offset 080:  23 23 0B 0B  0B 0B 0B 0B  00 00 00 00  55 00 00 00 
      Offset 090:  0D 00 00 00  00 00 00 00  FF FF 00 00  FF 08 00 FF 
      Offset 0A0:  80 80 1F 00  00 00 00 00  00 00 00 00  00 00 00 00 
      Offset 0B0:  00 00 00 00  00 00 00 00  00 00 00 00  00 00 00 00 
      Offset 0C0:  00 00 00 00  00 00 00 00  00 00 00 00  00 00 00 00 
      Offset 0D0:  00 00 00 00  00 00 00 00  00 00 00 00  00 00 00 00 
      Offset 0E0:  00 00 00 00  00 00 00 00  00 00 00 00  00 00 00 00 
      Offset 0F0:  00 00 00 00  00 00 00 00  00 00 00 00  00 00 00 00 

    BFF D10 F07:  Intel Sandy Bridge-E/EN/EP - IMC - Channel1 ERROR Registers
                  
      Offset 000:  86 80 B7 3C  00 00 10 00  07 00 80 08  00 00 80 00 
      Offset 010:  00 00 00 00  00 00 00 00  00 00 00 00  00 00 00 00 
      Offset 020:  00 00 00 00  00 00 00 00  00 00 00 00  58 14 B7 3C 
      Offset 030:  00 00 00 00  40 00 00 00  00 00 00 00  00 00 00 00 
      Offset 040:  10 00 91 00  00 00 00 00  00 00 00 00  00 00 00 00 
      Offset 050:  00 00 00 00  00 00 00 00  00 00 00 00  00 00 00 00 
      Offset 060:  00 00 00 00  00 00 00 00  00 00 00 00  00 00 00 00 
      Offset 070:  00 00 00 00  00 00 00 00  00 00 00 00  00 00 00 00 
      Offset 080:  0B 0B 0B 0B  0B 0B 0B 0B  00 00 00 00  00 00 00 00 
      Offset 090:  00 00 00 00  00 00 00 00  00 00 00 00  00 00 00 00 
      Offset 0A0:  00 00 00 00  00 00 00 00  00 00 00 00  00 00 00 00 
      Offset 0B0:  00 00 00 00  00 00 00 00  00 00 00 00  00 00 00 00 
      Offset 0C0:  00 00 00 00  00 00 00 00  00 00 00 00  00 00 00 00 
      Offset 0D0:  00 00 00 00  00 00 00 00  00 00 00 00  00 00 00 00 
      Offset 0E0:  00 00 00 00  00 00 00 00  00 00 00 00  00 00 00 00 
      Offset 0F0:  00 00 00 00  00 00 00 00  00 00 00 00  00 00 00 00 

    BFF D11 F00:  Intel Sandy Bridge-E/EN/EP - IMC - DDRIO
                  
      Offset 000:  86 80 B8 3C  10 00 00 00  07 00 80 08  00 00 80 00 
      Offset 010:  00 00 00 00  00 00 00 00  00 00 00 00  00 00 00 00 
      Offset 020:  00 00 00 00  00 00 00 00  00 00 00 00  58 14 B8 3C 
      Offset 030:  00 00 00 00  40 00 00 00  00 00 00 00  00 00 00 00 
      Offset 040:  10 00 91 00  00 00 00 00  00 00 00 00  00 00 00 00 
      Offset 050:  00 00 00 00  00 00 00 00  00 00 00 00  00 00 00 00 
      Offset 060:  00 00 00 00  00 00 00 00  00 00 00 00  00 00 00 00 
      Offset 070:  00 00 00 00  00 00 00 00  00 00 00 00  00 00 00 00 
      Offset 080:  00 00 00 00  00 00 00 00  00 00 00 00  00 00 00 00 
      Offset 090:  00 00 00 00  00 00 00 00  00 00 00 00  00 00 00 00 
      Offset 0A0:  00 00 00 00  00 00 00 00  00 00 00 00  00 00 00 00 
      Offset 0B0:  00 00 00 00  00 00 00 00  00 00 00 00  00 00 00 00 
      Offset 0C0:  00 00 00 00  00 00 00 00  00 00 00 00  00 00 00 00 
      Offset 0D0:  00 00 00 00  00 00 00 00  00 00 00 00  00 00 00 00 
      Offset 0E0:  00 00 00 00  00 00 00 00  00 00 00 00  00 00 00 00 
      Offset 0F0:  00 00 00 00  00 00 00 00  00 00 00 00  00 00 00 00 

    BFF D13 F00:  Intel Sandy Bridge-E/EN/EP - Ring2 PCIe Config
                  
      Offset 000:  86 80 E4 3C  00 00 00 00  07 00 80 08  00 00 80 00 
      Offset 010:  00 00 00 00  00 00 00 00  00 00 00 00  00 00 00 00 
      Offset 020:  00 00 00 00  00 00 00 00  00 00 00 00  58 14 E4 3C 
      Offset 030:  00 00 00 00  00 00 00 00  00 00 00 00  00 00 00 00 
      Offset 040:  00 00 00 00  50 DA 15 2F  01 00 00 00  00 00 00 00 
      Offset 050:  00 00 00 00  00 00 00 00  00 00 00 00  00 00 00 00 
      Offset 060:  00 00 00 00  00 00 00 00  00 00 00 00  00 00 00 00 
      Offset 070:  00 00 00 00  00 00 00 00  00 00 00 00  00 00 00 00 
      Offset 080:  00 00 00 00  00 00 00 00  00 00 00 00  00 00 00 00 
      Offset 090:  00 00 00 00  00 00 00 00  00 00 00 00  00 00 00 00 
      Offset 0A0:  00 00 00 00  00 00 00 00  00 00 00 00  00 00 00 00 
      Offset 0B0:  00 00 00 00  00 00 00 00  00 00 00 00  00 00 00 00 
      Offset 0C0:  00 00 00 00  00 00 00 00  00 00 00 00  00 00 00 00 
      Offset 0D0:  00 00 00 00  00 00 00 00  00 00 00 00  00 00 00 00 
      Offset 0E0:  00 00 00 00  08 00 00 00  00 00 00 00  00 00 00 00 
      Offset 0F0:  00 00 00 00  00 00 00 00  00 00 00 00  00 00 00 00 

    BFF D13 F01:  Intel Sandy Bridge-E/EN/EP - Ring2 to PCI Express Performance Monitor
                  
      Offset 000:  86 80 43 3C  00 00 00 00  07 00 01 11  00 00 80 00 
      Offset 010:  00 00 00 00  00 00 00 00  00 00 00 00  00 00 00 00 
      Offset 020:  00 00 00 00  00 00 00 00  00 00 00 00  58 14 43 3C 
      Offset 030:  00 00 00 00  00 00 00 00  00 00 00 00  00 00 00 00 
      Offset 040:  00 00 00 00  00 00 00 00  00 00 00 00  00 00 00 00 
      Offset 050:  00 00 00 00  00 00 00 00  00 00 00 00  00 00 00 00 
      Offset 060:  00 00 00 00  00 00 00 00  00 00 00 00  00 00 00 00 
      Offset 070:  00 00 00 00  00 00 00 00  00 00 00 00  00 00 00 00 
      Offset 080:  00 00 00 00  00 00 00 00  00 00 00 00  00 00 00 00 
      Offset 090:  00 00 00 00  00 00 00 00  00 00 00 00  00 00 00 00 
      Offset 0A0:  00 00 00 00  00 00 00 00  00 00 00 00  00 00 00 00 
      Offset 0B0:  00 00 00 00  00 00 00 00  00 00 00 00  00 00 00 00 
      Offset 0C0:  00 00 00 00  00 00 00 00  00 00 00 00  00 00 00 00 
      Offset 0D0:  00 00 00 00  00 00 00 00  00 00 00 00  00 00 00 00 
      Offset 0E0:  00 00 00 00  00 00 00 00  00 00 00 00  00 00 00 00 
      Offset 0F0:  00 00 00 00  00 00 00 00  00 00 00 00  00 00 00 00 

    BFF D13 F04:  Intel Sandy Bridge-E/EN/EP - Ring3 QPI Agent Ring Registers
                  
      Offset 000:  86 80 E6 3C  00 00 00 00  07 00 01 11  00 00 80 00 
      Offset 010:  00 00 00 00  00 00 00 00  00 00 00 00  00 00 00 00 
      Offset 020:  00 00 00 00  00 00 00 00  00 00 00 00  58 14 E6 3C 
      Offset 030:  00 00 00 00  00 00 00 00  00 00 00 00  00 00 00 00 
      Offset 040:  00 00 00 00  50 01 50 01  50 01 50 01  00 00 00 00 
      Offset 050:  E2 1C 01 00  E2 1C 01 00  10 01 00 00  10 01 00 00 
      Offset 060:  01 00 00 00  00 00 00 00  00 00 00 00  30 06 00 00 
      Offset 070:  00 00 00 00  00 00 00 00  00 00 00 00  00 00 00 00 
      Offset 080:  00 00 00 00  00 00 00 00  BD 96 00 00  00 00 00 00 
      Offset 090:  00 0C 3C 00  00 00 00 00  12 00 00 00  00 00 00 00 
      Offset 0A0:  0E 08 0E 10  10 08 10 10  00 00 00 00  06 06 01 00 
      Offset 0B0:  00 00 00 00  00 00 00 00  00 00 00 00  00 00 00 00 
      Offset 0C0:  FF FF FF FF  00 00 00 00  00 00 00 00  00 00 00 00 
      Offset 0D0:  FF FF FF FF  00 00 00 00  00 00 00 00  00 00 00 00 
      Offset 0E0:  00 00 00 00  04 00 00 00  00 00 8E 0C  02 00 CF 0F 
      Offset 0F0:  03 00 3A 3A  00 00 00 00  00 00 00 00  00 00 00 00 

    BFF D13 F05:  Intel Sandy Bridge-E/EN/EP - Ring3 to QPI Link 0 Performance Monitor
                  
      Offset 000:  86 80 44 3C  00 00 00 00  07 00 01 11  00 00 80 00 
      Offset 010:  00 00 00 00  00 00 00 00  00 00 00 00  00 00 00 00 
      Offset 020:  00 00 00 00  00 00 00 00  00 00 00 00  58 14 44 3C 
      Offset 030:  00 00 00 00  00 00 00 00  00 00 00 00  00 00 00 00 
      Offset 040:  00 00 00 00  00 00 00 00  00 00 00 00  00 00 00 00 
      Offset 050:  00 00 00 00  00 00 00 00  00 00 00 00  00 00 00 00 
      Offset 060:  00 00 00 00  00 00 00 00  00 00 00 00  00 00 00 00 
      Offset 070:  00 00 00 00  00 00 00 00  00 00 00 00  00 00 00 00 
      Offset 080:  00 00 00 00  00 00 00 00  00 00 00 00  00 00 00 00 
      Offset 090:  00 00 00 00  00 00 00 00  00 00 00 00  00 00 00 00 
      Offset 0A0:  00 00 00 00  00 00 00 00  00 00 00 00  00 00 00 00 
      Offset 0B0:  00 00 00 00  00 00 00 00  00 00 00 00  00 00 00 00 
      Offset 0C0:  00 00 00 00  00 00 00 00  00 00 00 00  00 00 00 00 
      Offset 0D0:  00 00 00 00  00 00 00 00  00 00 00 00  00 00 00 00 
      Offset 0E0:  00 00 00 00  00 00 00 00  00 00 00 00  00 00 00 00 
      Offset 0F0:  00 00 00 00  00 00 00 00  00 00 00 00  00 00 00 00 

    BFF D13 F06:  Intel Sandy Bridge-E/EN/EP - Ring3 to QPI Link 1 Performance Monitor
                  
      Offset 000:  86 80 45 3C  00 00 00 00  07 00 80 08  00 00 80 00 
      Offset 010:  00 00 00 00  00 00 00 00  00 00 00 00  00 00 00 00 
      Offset 020:  00 00 00 00  00 00 00 00  00 00 00 00  58 14 45 3C 
      Offset 030:  00 00 00 00  00 00 00 00  00 00 00 00  00 00 00 00 
      Offset 040:  00 00 00 00  00 00 00 00  00 00 00 00  00 00 00 00 
      Offset 050:  00 00 00 00  00 00 00 00  00 00 00 00  00 00 00 00 
      Offset 060:  00 00 00 00  00 00 00 00  00 00 00 00  00 00 00 00 
      Offset 070:  00 00 00 00  00 00 00 00  00 00 00 00  00 00 00 00 
      Offset 080:  00 00 00 00  00 00 00 00  00 00 00 00  00 00 00 00 
      Offset 090:  00 00 00 00  00 00 00 00  00 00 00 00  00 00 00 00 
      Offset 0A0:  00 00 00 00  00 00 00 00  00 00 00 00  00 00 00 00 
      Offset 0B0:  00 00 00 00  00 00 00 00  00 00 00 00  00 00 00 00 
      Offset 0C0:  00 00 00 00  00 00 00 00  00 00 00 00  00 00 00 00 
      Offset 0D0:  00 00 00 00  00 00 00 00  00 00 00 00  00 00 00 00 
      Offset 0E0:  00 00 00 00  00 00 00 00  00 00 00 00  00 00 00 00 
      Offset 0F0:  00 00 00 00  00 00 00 00  00 00 00 00  00 00 00 00 


--------[ Debug - Video BIOS ]------------------------------------------------------------------------------------------

    C000:0000  U.s.K7400.L.w.VIDEO ..........IBM VGA Compatible.......Q06/19/12
    C000:0040  ..........@......C+.X.K5...............R....E..EPMIDl.o.......
    C000:0080  .....3GV-N670WF2-2GD/F1.........................................
    C000:00C0  .......................Version 80.04.31.00.25 ...Copyright (C) 1
    C000:0100  996-2012 NVIDIA Corp..............GK104 Board - 20040005........
    C000:0140  .....Chip Rev   ................................................
    C000:0180  ................PCIR............s...............NPDE....y.......
    C000:01C0  ..BIT......E2...H.B.!.T.C...u.D.....A.....I.....L.....M.....N...
    C000:0200  ..P.P...S.....T.....U.....V.....x...".d...*.p...,.i.D.<.....)K.b
    C000:0240  .ih..................1..%.................\\8...L............EL.
    C000:0280  ...:P.B....M.M.M.M.O8P.MG.8P....L.M.}..M}...M...i...l.._n...p...
    C000:02C0  |.......|......<q...l...z...{...j...k..0l...z...|...l...........
    C000:0300  .P.....()K.=K#".#E..`K(.Q.K..L.K..........z`..~...8N...".....1..
    C000:0340  %..........05/21/12..........H..............325020040005........
    C000:0380  ......'.'.................i....b .....'.'.............,......b1.
    C000:03C0  ......5...).............G.'.'.L...|.B.Q.........+._...T.....-...


--------[ Debug - Unknown ]---------------------------------------------------------------------------------------------

    HDD             TOSHIBA HDWL120
    Monitor ID      SAM0B30: Универсальный монитор PnP [NoDB]
    Monitor Vendor  SAMSUNG


------------------------------------------------------------------------------------------------------------------------

The names of actual companies and products mentioned herein may be the trademarks of their respective owners.
